Time(ms),Voltage(mV)
0,-70
0.01,-70
0.02,-70
0.03,-70
0.04,-70
0.05,-70
0.06,-70
0.07,-70
0.08,-70
0.09,-70
0.1,-70
0.11,-70
0.12,-70
0.13,-70
0.14,-70
0.15,-70
0.16,-70
0.17,-70
0.18,-70
0.19,-70
0.2,-70
0.21,-70
0.22,-70
0.23,-70
0.24,-70
0.25,-70
0.26,-70
0.27,-70
0.28,-70
0.29,-70
0.3,-70
0.31,-70
0.32,-70
0.33,-70
0.34,-70
0.35,-70
0.36,-70
0.37,-70
0.38,-70
0.39,-70
0.4,-70
0.41,-70
0.42,-70
0.43,-70
0.44,-70
0.45,-70
0.46,-70
0.47,-70
0.48,-70
0.49,-70
0.5,-70
0.51,-70
0.52,-70
0.53,-70
0.54,-70
0.55,-70
0.56,-70
0.57,-70
0.58,-70
0.59,-70
0.6,-70
0.61,-70
0.62,-70
0.63,-70
0.64,-70
0.65,-70
0.66,-70
0.67,-70
0.68,-70
0.69,-70
0.7,-70
0.71,-70
0.72,-70
0.73,-70
0.74,-70
0.75,-70
0.76,-70
0.77,-70
0.78,-70
0.79,-70
0.8,-70
0.81,-70
0.82,-70
0.83,-70
0.84,-70
0.85,-70
0.86,-70
0.87,-70
0.88,-70
0.89,-70
0.9,-70
0.91,-70
0.92,-70
0.93,-70
0.94,-70
0.95,-70
0.96,-70
0.97,-70
0.98,-70
0.99,-70
1,-70
1.01,-70
1.02,-70
1.03,-70
1.04,-70
1.05,-70
1.06,-70
1.07,-70
1.08,-70
1.09,-70
1.1,-70
1.11,-70
1.12,-70
1.13,-70
1.14,-70
1.15,-70
1.16,-70
1.17,-70
1.18,-70
1.19,-70
1.2,-70
1.21,-70
1.22,-70
1.23,-70
1.24,-70
1.25,-70
1.26,-70
1.27,-70
1.28,-70
1.29,-70
1.3,-70
1.31,-70
1.32,-70
1.33,-70
1.34,-70
1.35,-70
1.36,-70
1.37,-70
1.38,-70
1.39,-70
1.4,-70
1.41,-70
1.42,-70
1.43,-70
1.44,-70
1.45,-70
1.46,-70
1.47,-70
1.48,-70
1.49,-70
1.5,-70
1.51,-70
1.52,-70
1.53,-70
1.54,-70
1.55,-70
1.56,-70
1.57,-70
1.58,-70
1.59,-70
1.6,-70
1.61,-70
1.62,-70
1.63,-70
1.64,-70
1.65,-70
1.66,-70
1.67,-70
1.68,-70
1.69,-70
1.7,-70
1.71,-70
1.72,-70
1.73,-70
1.74,-70
1.75,-70
1.76,-70
1.77,-70
1.78,-70
1.79,-70
1.8,-70
1.81,-70
1.82,-70
1.83,-70
1.84,-70
1.85,-70
1.86,-70
1.87,-70
1.88,-70
1.89,-70
1.9,-70
1.91,-70
1.92,-70
1.93,-70
1.94,-70
1.95,-70
1.96,-70
1.97,-70
1.98,-70
1.99,-70
2,-70
2.01,-70
2.02,-70
2.03,-70
2.04,-70
2.05,-70
2.06,-70
2.07,-70
2.08,-70
2.09,-70
2.1,-70
2.11,-70
2.12,-70
2.13,-70
2.14,-70
2.15,-70
2.16,-70
2.17,-70
2.18,-70
2.19,-70
2.2,-70
2.21,-70
2.22,-70
2.23,-70
2.24,-70
2.25,-70
2.26,-70
2.27,-70
2.28,-70
2.29,-70
2.3,-70
2.31,-70
2.32,-70
2.33,-70
2.34,-70
2.35,-70
2.36,-70
2.37,-70
2.38,-70
2.39,-70
2.4,-70
2.41,-70
2.42,-70
2.43,-70
2.44,-70
2.45,-70
2.46,-70
2.47,-70
2.48,-70
2.49,-70
2.5,-70
2.51,-70
2.52,-70
2.53,-70
2.54,-70
2.55,-70
2.56,-70
2.57,-70
2.58,-70
2.59,-70
2.6,-70
2.61,-70
2.62,-70
2.63,-70
2.64,-70
2.65,-70
2.66,-70
2.67,-70
2.68,-70
2.69,-70
2.7,-70
2.71,-70
2.72,-70
2.73,-70
2.74,-70
2.75,-70
2.76,-70
2.77,-70
2.78,-70
2.79,-70
2.8,-70
2.81,-70
2.82,-70
2.83,-70
2.84,-70
2.85,-70
2.86,-70
2.87,-70
2.88,-70
2.89,-70
2.9,-70
2.91,-70
2.92,-70
2.93,-70
2.94,-70
2.95,-70
2.96,-70
2.97,-70
2.98,-70
2.99,-70
3,-70
3.01,-70
3.02,-70
3.03,-70
3.04,-70
3.05,-70
3.06,-70
3.07,-70
3.08,-70
3.09,-70
3.1,-70
3.11,-70
3.12,-70
3.13,-70
3.14,-70
3.15,-70
3.16,-70
3.17,-70
3.18,-70
3.19,-70
3.2,-70
3.21,-70
3.22,-70
3.23,-70
3.24,-70
3.25,-70
3.26,-70
3.27,-70
3.28,-70
3.29,-70
3.3,-70
3.31,-70
3.32,-70
3.33,-70
3.34,-70
3.35,-70
3.36,-70
3.37,-70
3.38,-70
3.39,-70
3.4,-70
3.41,-70
3.42,-70
3.43,-70
3.44,-70
3.45,-70
3.46,-70
3.47,-70
3.48,-70
3.49,-70
3.5,-70
3.51,-70
3.52,-70
3.53,-70
3.54,-70
3.55,-70
3.56,-70
3.57,-70
3.58,-70
3.59,-70
3.6,-70
3.61,-70
3.62,-70
3.63,-70
3.64,-70
3.65,-70
3.66,-70
3.67,-70
3.68,-70
3.69,-70
3.7,-70
3.71,-70
3.72,-70
3.73,-70
3.74,-70
3.75,-70
3.76,-70
3.77,-70
3.78,-70
3.79,-70
3.8,-70
3.81,-70
3.82,-70
3.83,-70
3.84,-70
3.85,-70
3.86,-70
3.87,-70
3.88,-70
3.89,-70
3.9,-70
3.91,-70
3.92,-70
3.93,-70
3.94,-70
3.95,-70
3.96,-70
3.97,-70
3.98,-70
3.99,-70
4,-70
4.01,-70
4.02,-70
4.03,-70
4.04,-70
4.05,-70
4.06,-70
4.07,-70
4.08,-70
4.09,-70
4.1,-70
4.11,-70
4.12,-70
4.13,-70
4.14,-70
4.15,-70
4.16,-70
4.17,-70
4.18,-70
4.19,-70
4.2,-70
4.21,-70
4.22,-70
4.23,-70
4.24,-70
4.25,-70
4.26,-70
4.27,-70
4.28,-70
4.29,-70
4.3,-70
4.31,-70
4.32,-70
4.33,-70
4.34,-70
4.35,-70
4.36,-70
4.37,-70
4.38,-70
4.39,-70
4.4,-70
4.41,-70
4.42,-70
4.43,-70
4.44,-70
4.45,-70
4.46,-70
4.47,-70
4.48,-70
4.49,-70
4.5,-70
4.51,-70
4.52,-70
4.53,-70
4.54,-70
4.55,-70
4.56,-70
4.57,-70
4.58,-70
4.59,-70
4.6,-70
4.61,-70
4.62,-70
4.63,-70
4.64,-70
4.65,-70
4.66,-70
4.67,-70
4.68,-70
4.69,-70
4.7,-70
4.71,-70
4.72,-70
4.73,-70
4.74,-70
4.75,-70
4.76,-70
4.77,-70
4.78,-70
4.79,-70
4.8,-70
4.81,-70
4.82,-70
4.83,-70
4.84,-70
4.85,-70
4.86,-70
4.87,-70
4.88,-70
4.89,-70
4.9,-70
4.91,-70
4.92,-70
4.93,-70
4.94,-70
4.95,-70
4.96,-70
4.97,-70
4.98,-70
4.99,-70
5,-70
5.01,-70
5.02,-70
5.03,-70
5.04,-70
5.05,-70
5.06,-70
5.07,-70
5.08,-70
5.09,-70
5.1,-70
5.11,-70
5.12,-70
5.13,-70
5.14,-70
5.15,-70
5.16,-70
5.17,-70
5.18,-70
5.19,-70
5.2,-70
5.21,-70
5.22,-70
5.23,-70
5.24,-70
5.25,-70
5.26,-70
5.27,-70
5.28,-70
5.29,-70
5.3,-70
5.31,-70
5.32,-70
5.33,-70
5.34,-70
5.35,-70
5.36,-70
5.37,-70
5.38,-70
5.39,-70
5.4,-70
5.41,-70
5.42,-70
5.43,-70
5.44,-70
5.45,-70
5.46,-70
5.47,-70
5.48,-70
5.49,-70
5.5,-70
5.51,-70
5.52,-70
5.53,-70
5.54,-70
5.55,-70
5.56,-70
5.57,-70
5.58,-70
5.59,-70
5.6,-70
5.61,-70
5.62,-70
5.63,-70
5.64,-70
5.65,-70
5.66,-70
5.67,-70
5.68,-70
5.69,-70
5.7,-70
5.71,-70
5.72,-70
5.73,-70
5.74,-70
5.75,-70
5.76,-70
5.77,-70
5.78,-70
5.79,-70
5.8,-70
5.81,-70
5.82,-70
5.83,-70
5.84,-70
5.85,-70
5.86,-70
5.87,-70
5.88,-70
5.89,-70
5.9,-70
5.91,-70
5.92,-70
5.93,-70
5.94,-70
5.95,-70
5.96,-70
5.97,-70
5.98,-70
5.99,-70
6,-70
6.01,-70
6.02,-70
6.03,-70
6.04,-70
6.05,-70
6.06,-70
6.07,-70
6.08,-70
6.09,-70
6.1,-70
6.11,-70
6.12,-70
6.13,-70
6.14,-70
6.15,-70
6.16,-70
6.17,-70
6.18,-70
6.19,-70
6.2,-70
6.21,-70
6.22,-70
6.23,-70
6.24,-70
6.25,-70
6.26,-70
6.27,-70
6.28,-70
6.29,-70
6.3,-70
6.31,-70
6.32,-70
6.33,-70
6.34,-70
6.35,-70
6.36,-70
6.37,-70
6.38,-70
6.39,-70
6.4,-70
6.41,-70
6.42,-70
6.43,-70
6.44,-70
6.45,-70
6.46,-70
6.47,-70
6.48,-70
6.49,-70
6.5,-70
6.51,-70
6.52,-70
6.53,-70
6.54,-70
6.55,-70
6.56,-70
6.57,-70
6.58,-70
6.59,-70
6.6,-70
6.61,-70
6.62,-70
6.63,-70
6.64,-70
6.65,-70
6.66,-70
6.67,-70
6.68,-70
6.69,-70
6.7,-70
6.71,-70
6.72,-70
6.73,-70
6.74,-70
6.75,-70
6.76,-70
6.77,-70
6.78,-70
6.79,-70
6.8,-70
6.81,-70
6.82,-70
6.83,-70
6.84,-70
6.85,-70
6.86,-70
6.87,-70
6.88,-70
6.89,-70
6.9,-70
6.91,-70
6.92,-70
6.93,-70
6.94,-70
6.95,-70
6.96,-70
6.97,-70
6.98,-70
6.99,-70
7,-70
7.01,-70
7.02,-70
7.03,-70
7.04,-70
7.05,-70
7.06,-70
7.07,-70
7.08,-70
7.09,-70
7.1,-70
7.11,-70
7.12,-70
7.13,-70
7.14,-70
7.15,-70
7.16,-70
7.17,-70
7.18,-70
7.19,-70
7.2,-70
7.21,-70
7.22,-70
7.23,-70
7.24,-70
7.25,-70
7.26,-70
7.27,-70
7.28,-70
7.29,-70
7.3,-70
7.31,-70
7.32,-70
7.33,-70
7.34,-70
7.35,-70
7.36,-70
7.37,-70
7.38,-70
7.39,-70
7.4,-70
7.41,-70
7.42,-70
7.43,-70
7.44,-70
7.45,-70
7.46,-70
7.47,-70
7.48,-70
7.49,-70
7.5,-70
7.51,-70
7.52,-70
7.53,-70
7.54,-70
7.55,-70
7.56,-70
7.57,-70
7.58,-70
7.59,-70
7.6,-70
7.61,-70
7.62,-70
7.63,-70
7.64,-70
7.65,-70
7.66,-70
7.67,-70
7.68,-70
7.69,-70
7.7,-70
7.71,-70
7.72,-70
7.73,-70
7.74,-70
7.75,-70
7.76,-70
7.77,-70
7.78,-70
7.79,-70
7.8,-70
7.81,-70
7.82,-70
7.83,-70
7.84,-70
7.85,-70
7.86,-70
7.87,-70
7.88,-70
7.89,-70
7.9,-70
7.91,-70
7.92,-70
7.93,-70
7.94,-70
7.95,-70
7.96,-70
7.97,-70
7.98,-70
7.99,-70
8,-70
8.01,-70
8.02,-70
8.03,-70
8.04,-70
8.05,-70
8.06,-70
8.07,-70
8.08,-70
8.09,-70
8.1,-70
8.11,-70
8.12,-70
8.13,-70
8.14,-70
8.15,-70
8.16,-70
8.17,-70
8.18,-70
8.19,-70
8.2,-70
8.21,-70
8.22,-70
8.23,-70
8.24,-70
8.25,-70
8.26,-70
8.27,-70
8.28,-70
8.29,-70
8.3,-70
8.31,-70
8.32,-70
8.33,-70
8.34,-70
8.35,-70
8.36,-70
8.37,-70
8.38,-70
8.39,-70
8.4,-70
8.41,-70
8.42,-70
8.43,-70
8.44,-70
8.45,-70
8.46,-70
8.47,-70
8.48,-70
8.49,-70
8.5,-70
8.51,-70
8.52,-70
8.53,-70
8.54,-70
8.55,-70
8.56,-70
8.57,-70
8.58,-70
8.59,-70
8.6,-70
8.61,-70
8.62,-70
8.63,-70
8.64,-70
8.65,-70
8.66,-70
8.67,-70
8.68,-70
8.69,-70
8.7,-70
8.71,-70
8.72,-70
8.73,-70
8.74,-70
8.75,-70
8.76,-70
8.77,-70
8.78,-70
8.79,-70
8.8,-70
8.81,-70
8.82,-70
8.83,-70
8.84,-70
8.85,-70
8.86,-70
8.87,-70
8.88,-70
8.89,-70
8.9,-70
8.91,-70
8.92,-70
8.93,-70
8.94,-70
8.95,-70
8.96,-70
8.97,-70
8.98,-70
8.99,-70
9,-70
9.01,-70
9.02,-70
9.03,-70
9.04,-70
9.05,-70
9.06,-70
9.07,-70
9.08,-70
9.09,-70
9.1,-70
9.11,-70
9.12,-70
9.13,-70
9.14,-70
9.15,-70
9.16,-70
9.17,-70
9.18,-70
9.19,-70
9.2,-70
9.21,-70
9.22,-70
9.23,-70
9.24,-70
9.25,-70
9.26,-70
9.27,-70
9.28,-70
9.29,-70
9.3,-70
9.31,-70
9.32,-70
9.33,-70
9.34,-70
9.35,-70
9.36,-70
9.37,-70
9.38,-70
9.39,-70
9.4,-70
9.41,-70
9.42,-70
9.43,-70
9.44,-70
9.45,-70
9.46,-70
9.47,-70
9.48,-70
9.49,-70
9.5,-70
9.51,-70
9.52,-70
9.53,-70
9.54,-70
9.55,-70
9.56,-70
9.57,-70
9.58,-70
9.59,-70
9.6,-70
9.61,-70
9.62,-70
9.63,-70
9.64,-70
9.65,-70
9.66,-70
9.67,-70
9.68,-70
9.69,-70
9.7,-70
9.71,-70
9.72,-70
9.73,-70
9.74,-70
9.75,-70
9.76,-70
9.77,-70
9.78,-70
9.79,-70
9.8,-70
9.81,-70
9.82,-70
9.83,-70
9.84,-70
9.85,-70
9.86,-70
9.87,-70
9.88,-70
9.89,-70
9.9,-70
9.91,-70
9.92,-70
9.93,-70
9.94,-70
9.95,-70
9.96,-70
9.97,-70
9.98,-70
9.99,-70
10,-70
10.01,-70
10.02,-70
10.03,-70
10.04,-70
10.05,-70
10.06,-70
10.07,-70
10.08,-70
10.09,-70
10.1,-70
10.11,-70
10.12,-70
10.13,-70
10.14,-70
10.15,-70
10.16,-70
10.17,-70
10.18,-70
10.19,-70
10.2,-70
10.21,-70
10.22,-70
10.23,-70
10.24,-70
10.25,-70
10.26,-70
10.27,-70
10.28,-70
10.29,-70
10.3,-70
10.31,-70
10.32,-70
10.33,-70
10.34,-70
10.35,-70
10.36,-70
10.37,-70
10.38,-70
10.39,-70
10.4,-70
10.41,-70
10.42,-70
10.43,-70
10.44,-70
10.45,-70
10.46,-70
10.47,-70
10.48,-70
10.49,-70
10.5,-70
10.51,-70
10.52,-70
10.53,-70
10.54,-70
10.55,-70
10.56,-70
10.57,-70
10.58,-70
10.59,-70
10.6,-70
10.61,-70
10.62,-70
10.63,-70
10.64,-70
10.65,-70
10.66,-70
10.67,-70
10.68,-70
10.69,-70
10.7,-70
10.71,-70
10.72,-70
10.73,-70
10.74,-70
10.75,-70
10.76,-70
10.77,-70
10.78,-70
10.79,-70
10.8,-70
10.81,-70
10.82,-70
10.83,-70
10.84,-70
10.85,-70
10.86,-70
10.87,-70
10.88,-70
10.89,-70
10.9,-70
10.91,-70
10.92,-70
10.93,-70
10.94,-70
10.95,-70
10.96,-70
10.97,-70
10.98,-70
10.99,-70
11,-70
11.01,-70
11.02,-70
11.03,-70
11.04,-70
11.05,-70
11.06,-70
11.07,-70
11.08,-70
11.09,-70
11.1,-70
11.11,-70
11.12,-70
11.13,-70
11.14,-70
11.15,-70
11.16,-70
11.17,-70
11.18,-70
11.19,-70
11.2,-70
11.21,-70
11.22,-70
11.23,-70
11.24,-70
11.25,-70
11.26,-70
11.27,-70
11.28,-70
11.29,-70
11.3,-70
11.31,-70
11.32,-70
11.33,-70
11.34,-70
11.35,-70
11.36,-70
11.37,-70
11.38,-70
11.39,-70
11.4,-70
11.41,-70
11.42,-70
11.43,-70
11.44,-70
11.45,-70
11.46,-70
11.47,-70
11.48,-70
11.49,-70
11.5,-70
11.51,-70
11.52,-70
11.53,-70
11.54,-70
11.55,-70
11.56,-70
11.57,-70
11.58,-70
11.59,-70
11.6,-70
11.61,-70
11.62,-70
11.63,-70
11.64,-70
11.65,-70
11.66,-70
11.67,-70
11.68,-70
11.69,-70
11.7,-70
11.71,-70
11.72,-70
11.73,-70
11.74,-70
11.75,-70
11.76,-70
11.77,-70
11.78,-70
11.79,-70
11.8,-70
11.81,-70
11.82,-70
11.83,-70
11.84,-70
11.85,-70
11.86,-70
11.87,-70
11.88,-70
11.89,-70
11.9,-70
11.91,-70
11.92,-70
11.93,-70
11.94,-70
11.95,-70
11.96,-70
11.97,-70
11.98,-70
11.99,-70
12,-70
12.01,-70
12.02,-70
12.03,-70
12.04,-70
12.05,-70
12.06,-70
12.07,-70
12.08,-70
12.09,-70
12.1,-70
12.11,-70
12.12,-70
12.13,-70
12.14,-70
12.15,-70
12.16,-70
12.17,-70
12.18,-70
12.19,-70
12.2,-70
12.21,-70
12.22,-70
12.23,-70
12.24,-70
12.25,-70
12.26,-70
12.27,-70
12.28,-70
12.29,-70
12.3,-70
12.31,-70
12.32,-70
12.33,-70
12.34,-70
12.35,-70
12.36,-70
12.37,-70
12.38,-70
12.39,-70
12.4,-70
12.41,-70
12.42,-70
12.43,-70
12.44,-70
12.45,-70
12.46,-70
12.47,-70
12.48,-70
12.49,-70
12.5,-70
12.51,-70
12.52,-70
12.53,-70
12.54,-70
12.55,-70
12.56,-70
12.57,-70
12.58,-70
12.59,-70
12.6,-70
12.61,-70
12.62,-70
12.63,-70
12.64,-70
12.65,-70
12.66,-70
12.67,-70
12.68,-70
12.69,-70
12.7,-70
12.71,-70
12.72,-70
12.73,-70
12.74,-70
12.75,-70
12.76,-70
12.77,-70
12.78,-70
12.79,-70
12.8,-70
12.81,-70
12.82,-70
12.83,-70
12.84,-70
12.85,-70
12.86,-70
12.87,-70
12.88,-70
12.89,-70
12.9,-70
12.91,-70
12.92,-70
12.93,-70
12.94,-70
12.95,-70
12.96,-70
12.97,-70
12.98,-70
12.99,-70
13,-70
13.01,-70
13.02,-70
13.03,-70
13.04,-70
13.05,-70
13.06,-70
13.07,-70
13.08,-70
13.09,-70
13.1,-70
13.11,-70
13.12,-70
13.13,-70
13.14,-70
13.15,-70
13.16,-70
13.17,-70
13.18,-70
13.19,-70
13.2,-70
13.21,-70
13.22,-70
13.23,-70
13.24,-70
13.25,-70
13.26,-70
13.27,-70
13.28,-70
13.29,-70
13.3,-70
13.31,-70
13.32,-70
13.33,-70
13.34,-70
13.35,-70
13.36,-70
13.37,-70
13.38,-70
13.39,-70
13.4,-70
13.41,-70
13.42,-70
13.43,-70
13.44,-70
13.45,-70
13.46,-70
13.47,-70
13.48,-70
13.49,-70
13.5,-70
13.51,-70
13.52,-70
13.53,-70
13.54,-70
13.55,-70
13.56,-70
13.57,-70
13.58,-70
13.59,-70
13.6,-70
13.61,-70
13.62,-70
13.63,-70
13.64,-70
13.65,-70
13.66,-70
13.67,-70
13.68,-70
13.69,-70
13.7,-70
13.71,-70
13.72,-70
13.73,-70
13.74,-70
13.75,-70
13.76,-70
13.77,-70
13.78,-70
13.79,-70
13.8,-70
13.81,-70
13.82,-70
13.83,-70
13.84,-70
13.85,-70
13.86,-70
13.87,-70
13.88,-70
13.89,-70
13.9,-70
13.91,-70
13.92,-70
13.93,-70
13.94,-70
13.95,-70
13.96,-70
13.97,-70
13.98,-70
13.99,-70
14,-70
14.01,-70
14.02,-70
14.03,-70
14.04,-70
14.05,-70
14.06,-70
14.07,-70
14.08,-70
14.09,-70
14.1,-70
14.11,-70
14.12,-70
14.13,-70
14.14,-70
14.15,-70
14.16,-70
14.17,-70
14.18,-70
14.19,-70
14.2,-70
14.21,-70
14.22,-70
14.23,-70
14.24,-70
14.25,-70
14.26,-70
14.27,-70
14.28,-70
14.29,-70
14.3,-70
14.31,-70
14.32,-70
14.33,-70
14.34,-70
14.35,-70
14.36,-70
14.37,-70
14.38,-70
14.39,-70
14.4,-70
14.41,-70
14.42,-70
14.43,-70
14.44,-70
14.45,-70
14.46,-70
14.47,-70
14.48,-70
14.49,-70
14.5,-70
14.51,-70
14.52,-70
14.53,-70
14.54,-70
14.55,-70
14.56,-70
14.57,-70
14.58,-70
14.59,-70
14.6,-70
14.61,-70
14.62,-70
14.63,-70
14.64,-70
14.65,-70
14.66,-70
14.67,-70
14.68,-70
14.69,-70
14.7,-70
14.71,-70
14.72,-70
14.73,-70
14.74,-70
14.75,-70
14.76,-70
14.77,-70
14.78,-70
14.79,-70
14.8,-70
14.81,-70
14.82,-70
14.83,-70
14.84,-70
14.85,-70
14.86,-70
14.87,-70
14.88,-70
14.89,-70
14.9,-70
14.91,-70
14.92,-70
14.93,-70
14.94,-70
14.95,-70
14.96,-70
14.97,-70
14.98,-70
14.99,-70
15,-70
15.01,-70
15.02,-70
15.03,-70
15.04,-70
15.05,-70
15.06,-70
15.07,-70
15.08,-70
15.09,-70
15.1,-70
15.11,-70
15.12,-70
15.13,-70
15.14,-70
15.15,-70
15.16,-70
15.17,-70
15.18,-70
15.19,-70
15.2,-70
15.21,-70
15.22,-70
15.23,-70
15.24,-70
15.25,-70
15.26,-70
15.27,-70
15.28,-70
15.29,-70
15.3,-70
15.31,-70
15.32,-70
15.33,-70
15.34,-70
15.35,-70
15.36,-70
15.37,-70
15.38,-70
15.39,-70
15.4,-70
15.41,-70
15.42,-70
15.43,-70
15.44,-70
15.45,-70
15.46,-70
15.47,-70
15.48,-70
15.49,-70
15.5,-70
15.51,-70
15.52,-70
15.53,-70
15.54,-70
15.55,-70
15.56,-70
15.57,-70
15.58,-70
15.59,-70
15.6,-70
15.61,-70
15.62,-70
15.63,-70
15.64,-70
15.65,-70
15.66,-70
15.67,-70
15.68,-70
15.69,-70
15.7,-70
15.71,-70
15.72,-70
15.73,-70
15.74,-70
15.75,-70
15.76,-70
15.77,-70
15.78,-70
15.79,-70
15.8,-70
15.81,-70
15.82,-70
15.83,-70
15.84,-70
15.85,-70
15.86,-70
15.87,-70
15.88,-70
15.89,-70
15.9,-70
15.91,-70
15.92,-70
15.93,-70
15.94,-70
15.95,-70
15.96,-70
15.97,-70
15.98,-70
15.99,-70
16,-70
16.01,-70
16.02,-70
16.03,-70
16.04,-70
16.05,-70
16.06,-70
16.07,-70
16.08,-70
16.09,-70
16.1,-70
16.11,-70
16.12,-70
16.13,-70
16.14,-70
16.15,-70
16.16,-70
16.17,-70
16.18,-70
16.19,-70
16.2,-70
16.21,-70
16.22,-70
16.23,-70
16.24,-70
16.25,-70
16.26,-70
16.27,-70
16.28,-70
16.29,-70
16.3,-70
16.31,-70
16.32,-70
16.33,-70
16.34,-70
16.35,-70
16.36,-70
16.37,-70
16.38,-70
16.39,-70
16.4,-70
16.41,-70
16.42,-70
16.43,-70
16.44,-70
16.45,-70
16.46,-70
16.47,-70
16.48,-70
16.49,-70
16.5,-70
16.51,-70
16.52,-70
16.53,-70
16.54,-70
16.55,-70
16.56,-70
16.57,-70
16.58,-70
16.59,-70
16.6,-70
16.61,-70
16.62,-70
16.63,-70
16.64,-70
16.65,-70
16.66,-70
16.67,-70
16.68,-70
16.69,-70
16.7,-70
16.71,-70
16.72,-70
16.73,-70
16.74,-70
16.75,-70
16.76,-70
16.77,-70
16.78,-70
16.79,-70
16.8,-70
16.81,-70
16.82,-70
16.83,-70
16.84,-70
16.85,-70
16.86,-70
16.87,-70
16.88,-70
16.89,-70
16.9,-70
16.91,-70
16.92,-70
16.93,-70
16.94,-70
16.95,-70
16.96,-70
16.97,-70
16.98,-70
16.99,-70
17,-70
17.01,-70
17.02,-70
17.03,-70
17.04,-70
17.05,-70
17.06,-70
17.07,-70
17.08,-70
17.09,-70
17.1,-70
17.11,-70
17.12,-70
17.13,-70
17.14,-70
17.15,-70
17.16,-70
17.17,-70
17.18,-70
17.19,-70
17.2,-70
17.21,-70
17.22,-70
17.23,-70
17.24,-70
17.25,-70
17.26,-70
17.27,-70
17.28,-70
17.29,-70
17.3,-70
17.31,-70
17.32,-70
17.33,-70
17.34,-70
17.35,-70
17.36,-70
17.37,-70
17.38,-70
17.39,-70
17.4,-70
17.41,-70
17.42,-70
17.43,-70
17.44,-70
17.45,-70
17.46,-70
17.47,-70
17.48,-70
17.49,-70
17.5,-70
17.51,-70
17.52,-70
17.53,-70
17.54,-70
17.55,-70
17.56,-70
17.57,-70
17.58,-70
17.59,-70
17.6,-70
17.61,-70
17.62,-70
17.63,-70
17.64,-70
17.65,-70
17.66,-70
17.67,-70
17.68,-70
17.69,-70
17.7,-70
17.71,-70
17.72,-70
17.73,-70
17.74,-70
17.75,-70
17.76,-70
17.77,-70
17.78,-70
17.79,-70
17.8,-70
17.81,-70
17.82,-70
17.83,-70
17.84,-70
17.85,-70
17.86,-70
17.87,-70
17.88,-70
17.89,-70
17.9,-70
17.91,-70
17.92,-70
17.93,-70
17.94,-70
17.95,-70
17.96,-70
17.97,-70
17.98,-70
17.99,-70
18,-70
18.01,-70
18.02,-70
18.03,-70
18.04,-70
18.05,-70
18.06,-70
18.07,-70
18.08,-70
18.09,-70
18.1,-70
18.11,-70
18.12,-70
18.13,-70
18.14,-70
18.15,-70
18.16,-70
18.17,-70
18.18,-70
18.19,-70
18.2,-70
18.21,-70
18.22,-70
18.23,-70
18.24,-70
18.25,-70
18.26,-70
18.27,-70
18.28,-70
18.29,-70
18.3,-70
18.31,-70
18.32,-70
18.33,-70
18.34,-70
18.35,-70
18.36,-70
18.37,-70
18.38,-70
18.39,-70
18.4,-70
18.41,-70
18.42,-70
18.43,-70
18.44,-70
18.45,-70
18.46,-70
18.47,-70
18.48,-70
18.49,-70
18.5,-70
18.51,-70
18.52,-70
18.53,-70
18.54,-70
18.55,-70
18.56,-70
18.57,-70
18.58,-70
18.59,-70
18.6,-70
18.61,-70
18.62,-70
18.63,-70
18.64,-70
18.65,-70
18.66,-70
18.67,-70
18.68,-70
18.69,-70
18.7,-70
18.71,-70
18.72,-70
18.73,-70
18.74,-70
18.75,-70
18.76,-70
18.77,-70
18.78,-70
18.79,-70
18.8,-70
18.81,-70
18.82,-70
18.83,-70
18.84,-70
18.85,-70
18.86,-70
18.87,-70
18.88,-70
18.89,-70
18.9,-70
18.91,-70
18.92,-70
18.93,-70
18.94,-70
18.95,-70
18.96,-70
18.97,-70
18.98,-70
18.99,-70
19,-70
19.01,-70
19.02,-70
19.03,-70
19.04,-70
19.05,-70
19.06,-70
19.07,-70
19.08,-70
19.09,-70
19.1,-70
19.11,-70
19.12,-70
19.13,-70
19.14,-70
19.15,-70
19.16,-70
19.17,-70
19.18,-70
19.19,-70
19.2,-70
19.21,-70
19.22,-70
19.23,-70
19.24,-70
19.25,-70
19.26,-70
19.27,-70
19.28,-70
19.29,-70
19.3,-70
19.31,-70
19.32,-70
19.33,-70
19.34,-70
19.35,-70
19.36,-70
19.37,-70
19.38,-70
19.39,-70
19.4,-70
19.41,-70
19.42,-70
19.43,-70
19.44,-70
19.45,-70
19.46,-70
19.47,-70
19.48,-70
19.49,-70
19.5,-70
19.51,-70
19.52,-70
19.53,-70
19.54,-70
19.55,-70
19.56,-70
19.57,-70
19.58,-70
19.59,-70
19.6,-70
19.61,-70
19.62,-70
19.63,-70
19.64,-70
19.65,-70
19.66,-70
19.67,-70
19.68,-70
19.69,-70
19.7,-70
19.71,-70
19.72,-70
19.73,-70
19.74,-70
19.75,-70
19.76,-70
19.77,-70
19.78,-70
19.79,-70
19.8,-70
19.81,-70
19.82,-70
19.83,-70
19.84,-70
19.85,-70
19.86,-70
19.87,-70
19.88,-70
19.89,-70
19.9,-70
19.91,-70
19.92,-70
19.93,-70
19.94,-70
19.95,-70
19.96,-70
19.97,-70
19.98,-70
19.99,-70
20,-70
20.01,-69.975
20.02,-69.95
20.03,-69.9251
20.04,-69.9001
20.05,-69.8752
20.06,-69.8504
20.07,-69.8255
20.08,-69.8007
20.09,-69.7759
20.1,-69.7511
20.11,-69.7264
20.12,-69.7016
20.13,-69.6769
20.14,-69.6523
20.15,-69.6276
20.16,-69.603
20.17,-69.5784
20.18,-69.5538
20.19,-69.5293
20.2,-69.5047
20.21,-69.4802
20.22,-69.4557
20.23,-69.4313
20.24,-69.4068
20.25,-69.3824
20.26,-69.3581
20.27,-69.3337
20.28,-69.3094
20.29,-69.2851
20.3,-69.2608
20.31,-69.2365
20.32,-69.2123
20.33,-69.1881
20.34,-69.1639
20.35,-69.1397
20.36,-69.1156
20.37,-69.0915
20.38,-69.0674
20.39,-69.0433
20.4,-69.0193
20.41,-68.9952
20.42,-68.9712
20.43,-68.9473
20.44,-68.9233
20.45,-68.8994
20.46,-68.8755
20.47,-68.8516
20.48,-68.8278
20.49,-68.8039
20.5,-68.7801
20.51,-68.7564
20.52,-68.7326
20.53,-68.7089
20.54,-68.6852
20.55,-68.6615
20.56,-68.6378
20.57,-68.6142
20.58,-68.5906
20.59,-68.567
20.6,-68.5434
20.61,-68.5199
20.62,-68.4963
20.63,-68.4728
20.64,-68.4494
20.65,-68.4259
20.66,-68.4025
20.67,-68.3791
20.68,-68.3557
20.69,-68.3324
20.7,-68.309
20.71,-68.2857
20.72,-68.2624
20.73,-68.2392
20.74,-68.2159
20.75,-68.1927
20.76,-68.1695
20.77,-68.1464
20.78,-68.1232
20.79,-68.1001
20.8,-68.077
20.81,-68.0539
20.82,-68.0309
20.83,-68.0078
20.84,-67.9848
20.85,-67.9618
20.86,-67.9389
20.87,-67.9159
20.88,-67.893
20.89,-67.8701
20.9,-67.8473
20.91,-67.8244
20.92,-67.8016
20.93,-67.7788
20.94,-67.756
20.95,-67.7332
20.96,-67.7105
20.97,-67.6878
20.98,-67.6651
20.99,-67.6424
21,-67.6198
21.01,-67.5972
21.02,-67.5746
21.03,-67.552
21.04,-67.5295
21.05,-67.5069
21.06,-67.4844
21.07,-67.4619
21.08,-67.4395
21.09,-67.417
21.1,-67.3946
21.11,-67.3722
21.12,-67.3499
21.13,-67.3275
21.14,-67.3052
21.15,-67.2829
21.16,-67.2606
21.17,-67.2383
21.18,-67.2161
21.19,-67.1939
21.2,-67.1717
21.21,-67.1495
21.22,-67.1274
21.23,-67.1052
21.24,-67.0831
21.25,-67.061
21.26,-67.039
21.27,-67.0169
21.28,-66.9949
21.29,-66.9729
21.3,-66.951
21.31,-66.929
21.32,-66.9071
21.33,-66.8852
21.34,-66.8633
21.35,-66.8414
21.36,-66.8196
21.37,-66.7978
21.38,-66.776
21.39,-66.7542
21.4,-66.7324
21.41,-66.7107
21.42,-66.689
21.43,-66.6673
21.44,-66.6456
21.45,-66.624
21.46,-66.6024
21.47,-66.5808
21.48,-66.5592
21.49,-66.5376
21.5,-66.5161
21.51,-66.4946
21.52,-66.4731
21.53,-66.4516
21.54,-66.4301
21.55,-66.4087
21.56,-66.3873
21.57,-66.3659
21.58,-66.3446
21.59,-66.3232
21.6,-66.3019
21.61,-66.2806
21.62,-66.2593
21.63,-66.238
21.64,-66.2168
21.65,-66.1956
21.66,-66.1744
21.67,-66.1532
21.68,-66.1321
21.69,-66.1109
21.7,-66.0898
21.71,-66.0687
21.72,-66.0477
21.73,-66.0266
21.74,-66.0056
21.75,-65.9846
21.76,-65.9636
21.77,-65.9426
21.78,-65.9217
21.79,-65.9008
21.8,-65.8799
21.81,-65.859
21.82,-65.8381
21.83,-65.8173
21.84,-65.7965
21.85,-65.7757
21.86,-65.7549
21.87,-65.7342
21.88,-65.7134
21.89,-65.6927
21.9,-65.672
21.91,-65.6513
21.92,-65.6307
21.93,-65.6101
21.94,-65.5894
21.95,-65.5689
21.96,-65.5483
21.97,-65.5277
21.98,-65.5072
21.99,-65.4867
22,-65.4662
22.01,-65.4458
22.02,-65.4253
22.03,-65.4049
22.04,-65.3845
22.05,-65.3641
22.06,-65.3437
22.07,-65.3234
22.08,-65.3031
22.09,-65.2828
22.1,-65.2625
22.11,-65.2422
22.12,-65.222
22.13,-65.2018
22.14,-65.1815
22.15,-65.1614
22.16,-65.1412
22.17,-65.1211
22.18,-65.1009
22.19,-65.0808
22.2,-65.0608
22.21,-65.0407
22.22,-65.0207
22.23,-65.0006
22.24,-64.9806
22.25,-64.9607
22.26,-64.9407
22.27,-64.9208
22.28,-64.9008
22.29,-64.8809
22.3,-64.8611
22.31,-64.8412
22.32,-64.8214
22.33,-64.8015
22.34,-64.7817
22.35,-64.7619
22.36,-64.7422
22.37,-64.7224
22.38,-64.7027
22.39,-64.683
22.4,-64.6633
22.41,-64.6437
22.42,-64.624
22.43,-64.6044
22.44,-64.5848
22.45,-64.5652
22.46,-64.5456
22.47,-64.5261
22.48,-64.5066
22.49,-64.4871
22.5,-64.4676
22.51,-64.4481
22.52,-64.4287
22.53,-64.4092
22.54,-64.3898
22.55,-64.3704
22.56,-64.3511
22.57,-64.3317
22.58,-64.3124
22.59,-64.2931
22.6,-64.2738
22.61,-64.2545
22.62,-64.2353
22.63,-64.216
22.64,-64.1968
22.65,-64.1776
22.66,-64.1584
22.67,-64.1393
22.68,-64.1201
22.69,-64.101
22.7,-64.0819
22.71,-64.0628
22.72,-64.0438
22.73,-64.0247
22.74,-64.0057
22.75,-63.9867
22.76,-63.9677
22.77,-63.9487
22.78,-63.9298
22.79,-63.9109
22.8,-63.8919
22.81,-63.8731
22.82,-63.8542
22.83,-63.8353
22.84,-63.8165
22.85,-63.7977
22.86,-63.7789
22.87,-63.7601
22.88,-63.7413
22.89,-63.7226
22.9,-63.7039
22.91,-63.6852
22.92,-63.6665
22.93,-63.6478
22.94,-63.6292
22.95,-63.6105
22.96,-63.5919
22.97,-63.5733
22.98,-63.5548
22.99,-63.5362
23,-63.5177
23.01,-63.4992
23.02,-63.4807
23.03,-63.4622
23.04,-63.4437
23.05,-63.4253
23.06,-63.4068
23.07,-63.3884
23.08,-63.3701
23.09,-63.3517
23.1,-63.3333
23.11,-63.315
23.12,-63.2967
23.13,-63.2784
23.14,-63.2601
23.15,-63.2418
23.16,-63.2236
23.17,-63.2054
23.18,-63.1872
23.19,-63.169
23.2,-63.1508
23.21,-63.1327
23.22,-63.1145
23.23,-63.0964
23.24,-63.0783
23.25,-63.0602
23.26,-63.0422
23.27,-63.0241
23.28,-63.0061
23.29,-62.9881
23.3,-62.9701
23.31,-62.9522
23.32,-62.9342
23.33,-62.9163
23.34,-62.8984
23.35,-62.8805
23.36,-62.8626
23.37,-62.8447
23.38,-62.8269
23.39,-62.809
23.4,-62.7912
23.41,-62.7734
23.42,-62.7557
23.43,-62.7379
23.44,-62.7202
23.45,-62.7025
23.46,-62.6848
23.47,-62.6671
23.48,-62.6494
23.49,-62.6317
23.5,-62.6141
23.51,-62.5965
23.52,-62.5789
23.53,-62.5613
23.54,-62.5438
23.55,-62.5262
23.56,-62.5087
23.57,-62.4912
23.58,-62.4737
23.59,-62.4562
23.6,-62.4388
23.61,-62.4213
23.62,-62.4039
23.63,-62.3865
23.64,-62.3691
23.65,-62.3517
23.66,-62.3344
23.67,-62.3171
23.68,-62.2997
23.69,-62.2824
23.7,-62.2652
23.71,-62.2479
23.72,-62.2306
23.73,-62.2134
23.74,-62.1962
23.75,-62.179
23.76,-62.1618
23.77,-62.1447
23.78,-62.1275
23.79,-62.1104
23.8,-62.0933
23.81,-62.0762
23.82,-62.0591
23.83,-62.0421
23.84,-62.025
23.85,-62.008
23.86,-61.991
23.87,-61.974
23.88,-61.957
23.89,-61.9401
23.9,-61.9231
23.91,-61.9062
23.92,-61.8893
23.93,-61.8724
23.94,-61.8555
23.95,-61.8387
23.96,-61.8218
23.97,-61.805
23.98,-61.7882
23.99,-61.7714
24,-61.7546
24.01,-61.7379
24.02,-61.7212
24.03,-61.7044
24.04,-61.6877
24.05,-61.671
24.06,-61.6544
24.07,-61.6377
24.08,-61.6211
24.09,-61.6045
24.1,-61.5879
24.11,-61.5713
24.12,-61.5547
24.13,-61.5381
24.14,-61.5216
24.15,-61.5051
24.16,-61.4886
24.17,-61.4721
24.18,-61.4556
24.19,-61.4392
24.2,-61.4227
24.21,-61.4063
24.22,-61.3899
24.23,-61.3735
24.24,-61.3571
24.25,-61.3408
24.26,-61.3244
24.27,-61.3081
24.28,-61.2918
24.29,-61.2755
24.3,-61.2592
24.31,-61.243
24.32,-61.2267
24.33,-61.2105
24.34,-61.1943
24.35,-61.1781
24.36,-61.1619
24.37,-61.1458
24.38,-61.1296
24.39,-61.1135
24.4,-61.0974
24.41,-61.0813
24.42,-61.0652
24.43,-61.0491
24.44,-61.0331
24.45,-61.017
24.46,-61.001
24.47,-60.985
24.48,-60.969
24.49,-60.9531
24.5,-60.9371
24.51,-60.9212
24.52,-60.9053
24.53,-60.8894
24.54,-60.8735
24.55,-60.8576
24.56,-60.8417
24.57,-60.8259
24.58,-60.8101
24.59,-60.7943
24.6,-60.7785
24.61,-60.7627
24.62,-60.7469
24.63,-60.7312
24.64,-60.7154
24.65,-60.6997
24.66,-60.684
24.67,-60.6683
24.68,-60.6527
24.69,-60.637
24.7,-60.6214
24.71,-60.6058
24.72,-60.5902
24.73,-60.5746
24.74,-60.559
24.75,-60.5434
24.76,-60.5279
24.77,-60.5124
24.78,-60.4968
24.79,-60.4814
24.8,-60.4659
24.81,-60.4504
24.82,-60.435
24.83,-60.4195
24.84,-60.4041
24.85,-60.3887
24.86,-60.3733
24.87,-60.3579
24.88,-60.3426
24.89,-60.3272
24.9,-60.3119
24.91,-60.2966
24.92,-60.2813
24.93,-60.266
24.94,-60.2507
24.95,-60.2355
24.96,-60.2203
24.97,-60.205
24.98,-60.1898
24.99,-60.1746
25,-60.1595
25.01,-60.1443
25.02,-60.1292
25.03,-60.114
25.04,-60.0989
25.05,-60.0838
25.06,-60.0687
25.07,-60.0537
25.08,-60.0386
25.09,-60.0236
25.1,-60.0086
25.11,-59.9936
25.12,-59.9786
25.13,-59.9636
25.14,-59.9486
25.15,-59.9337
25.16,-59.9187
25.17,-59.9038
25.18,-59.8889
25.19,-59.874
25.2,-59.8591
25.21,-59.8443
25.22,-59.8294
25.23,-59.8146
25.24,-59.7998
25.25,-59.785
25.26,-59.7702
25.27,-59.7554
25.28,-59.7407
25.29,-59.7259
25.3,-59.7112
25.31,-59.6965
25.32,-59.6818
25.33,-59.6671
25.34,-59.6525
25.35,-59.6378
25.36,-59.6232
25.37,-59.6086
25.38,-59.5939
25.39,-59.5794
25.4,-59.5648
25.41,-59.5502
25.42,-59.5357
25.43,-59.5211
25.44,-59.5066
25.45,-59.4921
25.46,-59.4776
25.47,-59.4631
25.48,-59.4487
25.49,-59.4342
25.5,-59.4198
25.51,-59.4054
25.52,-59.391
25.53,-59.3766
25.54,-59.3622
25.55,-59.3478
25.56,-59.3335
25.57,-59.3191
25.58,-59.3048
25.59,-59.2905
25.6,-59.2762
25.61,-59.2619
25.62,-59.2477
25.63,-59.2334
25.64,-59.2192
25.65,-59.205
25.66,-59.1908
25.67,-59.1766
25.68,-59.1624
25.69,-59.1483
25.7,-59.1341
25.71,-59.12
25.72,-59.1059
25.73,-59.0917
25.74,-59.0777
25.75,-59.0636
25.76,-59.0495
25.77,-59.0355
25.78,-59.0214
25.79,-59.0074
25.8,-58.9934
25.81,-58.9794
25.82,-58.9654
25.83,-58.9515
25.84,-58.9375
25.85,-58.9236
25.86,-58.9096
25.87,-58.8957
25.88,-58.8818
25.89,-58.868
25.9,-58.8541
25.91,-58.8402
25.92,-58.8264
25.93,-58.8126
25.94,-58.7988
25.95,-58.785
25.96,-58.7712
25.97,-58.7574
25.98,-58.7436
25.99,-58.7299
26,-58.7162
26.01,-58.7025
26.02,-58.6888
26.03,-58.6751
26.04,-58.6614
26.05,-58.6477
26.06,-58.6341
26.07,-58.6204
26.08,-58.6068
26.09,-58.5932
26.1,-58.5796
26.11,-58.566
26.12,-58.5525
26.13,-58.5389
26.14,-58.5254
26.15,-58.5119
26.16,-58.4984
26.17,-58.4849
26.18,-58.4714
26.19,-58.4579
26.2,-58.4444
26.21,-58.431
26.22,-58.4176
26.23,-58.4041
26.24,-58.3907
26.25,-58.3774
26.26,-58.364
26.27,-58.3506
26.28,-58.3373
26.29,-58.3239
26.3,-58.3106
26.31,-58.2973
26.32,-58.284
26.33,-58.2707
26.34,-58.2574
26.35,-58.2442
26.36,-58.2309
26.37,-58.2177
26.38,-58.2045
26.39,-58.1913
26.4,-58.1781
26.41,-58.1649
26.42,-58.1517
26.43,-58.1386
26.44,-58.1255
26.45,-58.1123
26.46,-58.0992
26.47,-58.0861
26.48,-58.073
26.49,-58.06
26.5,-58.0469
26.51,-58.0339
26.52,-58.0208
26.53,-58.0078
26.54,-57.9948
26.55,-57.9818
26.56,-57.9688
26.57,-57.9558
26.58,-57.9429
26.59,-57.9299
26.6,-57.917
26.61,-57.9041
26.62,-57.8912
26.63,-57.8783
26.64,-57.8654
26.65,-57.8526
26.66,-57.8397
26.67,-57.8269
26.68,-57.814
26.69,-57.8012
26.7,-57.7884
26.71,-57.7756
26.72,-57.7629
26.73,-57.7501
26.74,-57.7373
26.75,-57.7246
26.76,-57.7119
26.77,-57.6992
26.78,-57.6865
26.79,-57.6738
26.8,-57.6611
26.81,-57.6485
26.82,-57.6358
26.83,-57.6232
26.84,-57.6105
26.85,-57.5979
26.86,-57.5853
26.87,-57.5728
26.88,-57.5602
26.89,-57.5476
26.9,-57.5351
26.91,-57.5225
26.92,-57.51
26.93,-57.4975
26.94,-57.485
26.95,-57.4725
26.96,-57.4601
26.97,-57.4476
26.98,-57.4351
26.99,-57.4227
27,-57.4103
27.01,-57.3979
27.02,-57.3855
27.03,-57.3731
27.04,-57.3607
27.05,-57.3484
27.06,-57.336
27.07,-57.3237
27.08,-57.3113
27.09,-57.299
27.1,-57.2867
27.11,-57.2745
27.12,-57.2622
27.13,-57.2499
27.14,-57.2377
27.15,-57.2254
27.16,-57.2132
27.17,-57.201
27.18,-57.1888
27.19,-57.1766
27.2,-57.1644
27.21,-57.1523
27.22,-57.1401
27.23,-57.128
27.24,-57.1158
27.25,-57.1037
27.26,-57.0916
27.27,-57.0795
27.28,-57.0674
27.29,-57.0554
27.3,-57.0433
27.31,-57.0313
27.32,-57.0193
27.33,-57.0072
27.34,-56.9952
27.35,-56.9832
27.36,-56.9712
27.37,-56.9593
27.38,-56.9473
27.39,-56.9354
27.4,-56.9234
27.41,-56.9115
27.42,-56.8996
27.43,-56.8877
27.44,-56.8758
27.45,-56.8639
27.46,-56.8521
27.47,-56.8402
27.48,-56.8284
27.49,-56.8165
27.5,-56.8047
27.51,-56.7929
27.52,-56.7811
27.53,-56.7694
27.54,-56.7576
27.55,-56.7458
27.56,-56.7341
27.57,-56.7223
27.58,-56.7106
27.59,-56.6989
27.6,-56.6872
27.61,-56.6755
27.62,-56.6639
27.63,-56.6522
27.64,-56.6405
27.65,-56.6289
27.66,-56.6173
27.67,-56.6057
27.68,-56.594
27.69,-56.5825
27.7,-56.5709
27.71,-56.5593
27.72,-56.5477
27.73,-56.5362
27.74,-56.5247
27.75,-56.5131
27.76,-56.5016
27.77,-56.4901
27.78,-56.4786
27.79,-56.4671
27.8,-56.4557
27.81,-56.4442
27.82,-56.4328
27.83,-56.4213
27.84,-56.4099
27.85,-56.3985
27.86,-56.3871
27.87,-56.3757
27.88,-56.3644
27.89,-56.353
27.9,-56.3416
27.91,-56.3303
27.92,-56.319
27.93,-56.3076
27.94,-56.2963
27.95,-56.285
27.96,-56.2738
27.97,-56.2625
27.98,-56.2512
27.99,-56.24
28,-56.2287
28.01,-56.2175
28.02,-56.2063
28.03,-56.1951
28.04,-56.1839
28.05,-56.1727
28.06,-56.1615
28.07,-56.1504
28.08,-56.1392
28.09,-56.1281
28.1,-56.1169
28.11,-56.1058
28.12,-56.0947
28.13,-56.0836
28.14,-56.0725
28.15,-56.0615
28.16,-56.0504
28.17,-56.0394
28.18,-56.0283
28.19,-56.0173
28.2,-56.0063
28.21,-55.9953
28.22,-55.9843
28.23,-55.9733
28.24,-55.9623
28.25,-55.9514
28.26,-55.9404
28.27,-55.9295
28.28,-55.9185
28.29,-55.9076
28.3,-55.8967
28.31,-55.8858
28.32,-55.8749
28.33,-55.864
28.34,-55.8532
28.35,-55.8423
28.36,-55.8315
28.37,-55.8207
28.38,-55.8098
28.39,-55.799
28.4,-55.7882
28.41,-55.7774
28.42,-55.7667
28.43,-55.7559
28.44,-55.7451
28.45,-55.7344
28.46,-55.7237
28.47,-55.7129
28.48,-55.7022
28.49,-55.6915
28.5,-55.6808
28.51,-55.6701
28.52,-55.6595
28.53,-55.6488
28.54,-55.6382
28.55,-55.6275
28.56,-55.6169
28.57,-55.6063
28.58,-55.5957
28.59,-55.5851
28.6,-55.5745
28.61,-55.5639
28.62,-55.5534
28.63,-55.5428
28.64,-55.5323
28.65,-55.5217
28.66,-55.5112
28.67,-55.5007
28.68,-55.4902
28.69,-55.4797
28.7,-55.4692
28.71,-55.4588
28.72,-55.4483
28.73,-55.4379
28.74,-55.4274
28.75,-55.417
28.76,-55.4066
28.77,-55.3962
28.78,-55.3858
28.79,-55.3754
28.8,-55.365
28.81,-55.3546
28.82,-55.3443
28.83,-55.3339
28.84,-55.3236
28.85,-55.3133
28.86,-55.303
28.87,-55.2927
28.88,-55.2824
28.89,-55.2721
28.9,-55.2618
28.91,-55.2516
28.92,-55.2413
28.93,-55.2311
28.94,-55.2208
28.95,-55.2106
28.96,-55.2004
28.97,-55.1902
28.98,-55.18
28.99,-55.1698
29,-55.1597
29.01,-55.1495
29.02,-55.1394
29.03,-55.1292
29.04,-55.1191
29.05,-55.109
29.06,-55.0989
29.07,-55.0888
29.08,-55.0787
29.09,-55.0686
29.1,-55.0585
29.11,-55.0485
29.12,-55.0384
29.13,-55.0284
29.14,-55.0184
29.15,-55.0083
29.16,30
29.17,-75
29.18,-75
29.19,-75
29.2,-75
29.21,-75
29.22,-75
29.23,-75
29.24,-75
29.25,-75
29.26,-75
29.27,-75
29.28,-74.97
29.29,-74.94
29.3,-74.9101
29.31,-74.8802
29.32,-74.8503
29.33,-74.8204
29.34,-74.7906
29.35,-74.7608
29.36,-74.7311
29.37,-74.7013
29.38,-74.6716
29.39,-74.642
29.4,-74.6123
29.41,-74.5827
29.42,-74.5531
29.43,-74.5236
29.44,-74.4941
29.45,-74.4646
29.46,-74.4351
29.47,-74.4057
29.48,-74.3763
29.49,-74.3469
29.5,-74.3175
29.51,-74.2882
29.52,-74.2589
29.53,-74.2297
29.54,-74.2004
29.55,-74.1712
29.56,-74.1421
29.57,-74.1129
29.58,-74.0838
29.59,-74.0547
29.6,-74.0257
29.61,-73.9967
29.62,-73.9677
29.63,-73.9387
29.64,-73.9097
29.65,-73.8808
29.66,-73.852
29.67,-73.8231
29.68,-73.7943
29.69,-73.7655
29.7,-73.7367
29.71,-73.708
29.72,-73.6793
29.73,-73.6506
29.74,-73.6219
29.75,-73.5933
29.76,-73.5647
29.77,-73.5362
29.78,-73.5076
29.79,-73.4791
29.8,-73.4506
29.81,-73.4222
29.82,-73.3938
29.83,-73.3654
29.84,-73.337
29.85,-73.3087
29.86,-73.2804
29.87,-73.2521
29.88,-73.2238
29.89,-73.1956
29.9,-73.1674
29.91,-73.1392
29.92,-73.1111
29.93,-73.083
29.94,-73.0549
29.95,-73.0269
29.96,-72.9988
29.97,-72.9708
29.98,-72.9429
29.99,-72.9149
30,-72.887
30.01,-72.8591
30.02,-72.8313
30.03,-72.8034
30.04,-72.7756
30.05,-72.7478
30.06,-72.7201
30.07,-72.6924
30.08,-72.6647
30.09,-72.637
30.1,-72.6094
30.11,-72.5818
30.12,-72.5542
30.13,-72.5266
30.14,-72.4991
30.15,-72.4716
30.16,-72.4441
30.17,-72.4167
30.18,-72.3893
30.19,-72.3619
30.2,-72.3345
30.21,-72.3072
30.22,-72.2799
30.23,-72.2526
30.24,-72.2254
30.25,-72.1981
30.26,-72.1709
30.27,-72.1438
30.28,-72.1166
30.29,-72.0895
30.3,-72.0624
30.31,-72.0354
30.32,-72.0083
30.33,-71.9813
30.34,-71.9543
30.35,-71.9274
30.36,-71.9004
30.37,-71.8735
30.38,-71.8467
30.39,-71.8198
30.4,-71.793
30.41,-71.7662
30.42,-71.7394
30.43,-71.7127
30.44,-71.686
30.45,-71.6593
30.46,-71.6326
30.47,-71.606
30.48,-71.5794
30.49,-71.5528
30.5,-71.5263
30.51,-71.4998
30.52,-71.4733
30.53,-71.4468
30.54,-71.4203
30.55,-71.3939
30.56,-71.3675
30.57,-71.3411
30.58,-71.3148
30.59,-71.2885
30.6,-71.2622
30.61,-71.2359
30.62,-71.2097
30.63,-71.1835
30.64,-71.1573
30.65,-71.1312
30.66,-71.105
30.67,-71.0789
30.68,-71.0528
30.69,-71.0268
30.7,-71.0008
30.71,-70.9748
30.72,-70.9488
30.73,-70.9228
30.74,-70.8969
30.75,-70.871
30.76,-70.8451
30.77,-70.8193
30.78,-70.7935
30.79,-70.7677
30.8,-70.7419
30.81,-70.7162
30.82,-70.6905
30.83,-70.6648
30.84,-70.6391
30.85,-70.6135
30.86,-70.5879
30.87,-70.5623
30.88,-70.5367
30.89,-70.5112
30.9,-70.4857
30.91,-70.4602
30.92,-70.4347
30.93,-70.4093
30.94,-70.3839
30.95,-70.3585
30.96,-70.3331
30.97,-70.3078
30.98,-70.2825
30.99,-70.2572
31,-70.2319
31.01,-70.2067
31.02,-70.1815
31.03,-70.1563
31.04,-70.1312
31.05,-70.106
31.06,-70.0809
31.07,-70.0558
31.08,-70.0308
31.09,-70.0058
31.1,-69.9808
31.11,-69.9558
31.12,-69.9308
31.13,-69.9059
31.14,-69.881
31.15,-69.8561
31.16,-69.8312
31.17,-69.8064
31.18,-69.7816
31.19,-69.7568
31.2,-69.7321
31.21,-69.7073
31.22,-69.6826
31.23,-69.6579
31.24,-69.6333
31.25,-69.6087
31.26,-69.584
31.27,-69.5595
31.28,-69.5349
31.29,-69.5104
31.3,-69.4859
31.31,-69.4614
31.32,-69.4369
31.33,-69.4125
31.34,-69.3881
31.35,-69.3637
31.36,-69.3393
31.37,-69.315
31.38,-69.2907
31.39,-69.2664
31.4,-69.2421
31.41,-69.2179
31.42,-69.1936
31.43,-69.1694
31.44,-69.1453
31.45,-69.1211
31.46,-69.097
31.47,-69.0729
31.48,-69.0488
31.49,-69.0248
31.5,-69.0008
31.51,-68.9768
31.52,-68.9528
31.53,-68.9288
31.54,-68.9049
31.55,-68.881
31.56,-68.8571
31.57,-68.8333
31.58,-68.8094
31.59,-68.7856
31.6,-68.7618
31.61,-68.7381
31.62,-68.7143
31.63,-68.6906
31.64,-68.6669
31.65,-68.6433
31.66,-68.6196
31.67,-68.596
31.68,-68.5724
31.69,-68.5488
31.7,-68.5253
31.71,-68.5018
31.72,-68.4783
31.73,-68.4548
31.74,-68.4313
31.75,-68.4079
31.76,-68.3845
31.77,-68.3611
31.78,-68.3377
31.79,-68.3144
31.8,-68.2911
31.81,-68.2678
31.82,-68.2445
31.83,-68.2213
31.84,-68.1981
31.85,-68.1749
31.86,-68.1517
31.87,-68.1285
31.88,-68.1054
31.89,-68.0823
31.9,-68.0592
31.91,-68.0362
31.92,-68.0131
31.93,-67.9901
31.94,-67.9671
31.95,-67.9442
31.96,-67.9212
31.97,-67.8983
31.98,-67.8754
31.99,-67.8525
32,-67.8297
32.01,-67.8068
32.02,-67.784
32.03,-67.7612
32.04,-67.7385
32.05,-67.7157
32.06,-67.693
32.07,-67.6703
32.08,-67.6477
32.09,-67.625
32.1,-67.6024
32.11,-67.5798
32.12,-67.5572
32.13,-67.5347
32.14,-67.5121
32.15,-67.4896
32.16,-67.4671
32.17,-67.4447
32.18,-67.4222
32.19,-67.3998
32.2,-67.3774
32.21,-67.355
32.22,-67.3327
32.23,-67.3103
32.24,-67.288
32.25,-67.2657
32.26,-67.2435
32.27,-67.2212
32.28,-67.199
32.29,-67.1768
32.3,-67.1546
32.31,-67.1325
32.32,-67.1103
32.33,-67.0882
32.34,-67.0661
32.35,-67.0441
32.36,-67.022
32.37,-67
32.38,-66.978
32.39,-66.956
32.4,-66.9341
32.41,-66.9121
32.42,-66.8902
32.43,-66.8683
32.44,-66.8465
32.45,-66.8246
32.46,-66.8028
32.47,-66.781
32.48,-66.7592
32.49,-66.7374
32.5,-66.7157
32.51,-66.694
32.52,-66.6723
32.53,-66.6506
32.54,-66.629
32.55,-66.6073
32.56,-66.5857
32.57,-66.5642
32.58,-66.5426
32.59,-66.521
32.6,-66.4995
32.61,-66.478
32.62,-66.4565
32.63,-66.4351
32.64,-66.4137
32.65,-66.3922
32.66,-66.3708
32.67,-66.3495
32.68,-66.3281
32.69,-66.3068
32.7,-66.2855
32.71,-66.2642
32.72,-66.2429
32.73,-66.2217
32.74,-66.2005
32.75,-66.1793
32.76,-66.1581
32.77,-66.1369
32.78,-66.1158
32.79,-66.0947
32.8,-66.0736
32.81,-66.0525
32.82,-66.0315
32.83,-66.0104
32.84,-65.9894
32.85,-65.9684
32.86,-65.9475
32.87,-65.9265
32.88,-65.9056
32.89,-65.8847
32.9,-65.8638
32.91,-65.8429
32.92,-65.8221
32.93,-65.8013
32.94,-65.7805
32.95,-65.7597
32.96,-65.7389
32.97,-65.7182
32.98,-65.6975
32.99,-65.6768
33,-65.6561
33.01,-65.6354
33.02,-65.6148
33.03,-65.5942
33.04,-65.5736
33.05,-65.553
33.06,-65.5325
33.07,-65.5119
33.08,-65.4914
33.09,-65.4709
33.1,-65.4505
33.11,-65.43
33.12,-65.4096
33.13,-65.3892
33.14,-65.3688
33.15,-65.3484
33.16,-65.3281
33.17,-65.3077
33.18,-65.2874
33.19,-65.2671
33.2,-65.2469
33.21,-65.2266
33.22,-65.2064
33.23,-65.1862
33.24,-65.166
33.25,-65.1458
33.26,-65.1257
33.27,-65.1056
33.28,-65.0855
33.29,-65.0654
33.3,-65.0453
33.31,-65.0253
33.32,-65.0053
33.33,-64.9852
33.34,-64.9653
33.35,-64.9453
33.36,-64.9253
33.37,-64.9054
33.38,-64.8855
33.39,-64.8656
33.4,-64.8458
33.41,-64.8259
33.42,-64.8061
33.43,-64.7863
33.44,-64.7665
33.45,-64.7467
33.46,-64.727
33.47,-64.7073
33.48,-64.6876
33.49,-64.6679
33.5,-64.6482
33.51,-64.6286
33.52,-64.6089
33.53,-64.5893
33.54,-64.5697
33.55,-64.5502
33.56,-64.5306
33.57,-64.5111
33.58,-64.4916
33.59,-64.4721
33.6,-64.4526
33.61,-64.4331
33.62,-64.4137
33.63,-64.3943
33.64,-64.3749
33.65,-64.3555
33.66,-64.3362
33.67,-64.3168
33.68,-64.2975
33.69,-64.2782
33.7,-64.2589
33.71,-64.2397
33.72,-64.2204
33.73,-64.2012
33.74,-64.182
33.75,-64.1628
33.76,-64.1437
33.77,-64.1245
33.78,-64.1054
33.79,-64.0863
33.8,-64.0672
33.81,-64.0482
33.82,-64.0291
33.83,-64.0101
33.84,-63.9911
33.85,-63.9721
33.86,-63.9531
33.87,-63.9342
33.88,-63.9152
33.89,-63.8963
33.9,-63.8774
33.91,-63.8585
33.92,-63.8397
33.93,-63.8208
33.94,-63.802
33.95,-63.7832
33.96,-63.7644
33.97,-63.7457
33.98,-63.7269
33.99,-63.7082
34,-63.6895
34.01,-63.6708
34.02,-63.6521
34.03,-63.6335
34.04,-63.6148
34.05,-63.5962
34.06,-63.5776
34.07,-63.559
34.08,-63.5405
34.09,-63.5219
34.1,-63.5034
34.11,-63.4849
34.12,-63.4664
34.13,-63.448
34.14,-63.4295
34.15,-63.4111
34.16,-63.3927
34.17,-63.3743
34.18,-63.3559
34.19,-63.3376
34.2,-63.3192
34.21,-63.3009
34.22,-63.2826
34.23,-63.2643
34.24,-63.2461
34.25,-63.2278
34.26,-63.2096
34.27,-63.1914
34.28,-63.1732
34.29,-63.155
34.3,-63.1368
34.31,-63.1187
34.32,-63.1006
34.33,-63.0825
34.34,-63.0644
34.35,-63.0463
34.36,-63.0283
34.37,-63.0103
34.38,-62.9923
34.39,-62.9743
34.4,-62.9563
34.41,-62.9383
34.42,-62.9204
34.43,-62.9025
34.44,-62.8846
34.45,-62.8667
34.46,-62.8488
34.47,-62.831
34.48,-62.8131
34.49,-62.7953
34.5,-62.7775
34.51,-62.7598
34.52,-62.742
34.53,-62.7243
34.54,-62.7065
34.55,-62.6888
34.56,-62.6711
34.57,-62.6535
34.58,-62.6358
34.59,-62.6182
34.6,-62.6006
34.61,-62.583
34.62,-62.5654
34.63,-62.5478
34.64,-62.5303
34.65,-62.5127
34.66,-62.4952
34.67,-62.4777
34.68,-62.4602
34.69,-62.4428
34.7,-62.4253
34.71,-62.4079
34.72,-62.3905
34.73,-62.3731
34.74,-62.3557
34.75,-62.3384
34.76,-62.3211
34.77,-62.3037
34.78,-62.2864
34.79,-62.2691
34.8,-62.2519
34.81,-62.2346
34.82,-62.2174
34.83,-62.2002
34.84,-62.183
34.85,-62.1658
34.86,-62.1486
34.87,-62.1315
34.88,-62.1143
34.89,-62.0972
34.9,-62.0801
34.91,-62.063
34.92,-62.046
34.93,-62.0289
34.94,-62.0119
34.95,-61.9949
34.96,-61.9779
34.97,-61.9609
34.98,-61.944
34.99,-61.927
35,-61.9101
35.01,-61.8932
35.02,-61.8763
35.03,-61.8594
35.04,-61.8426
35.05,-61.8257
35.06,-61.8089
35.07,-61.7921
35.08,-61.7753
35.09,-61.7585
35.1,-61.7418
35.11,-61.725
35.12,-61.7083
35.13,-61.6916
35.14,-61.6749
35.15,-61.6582
35.16,-61.6416
35.17,-61.6249
35.18,-61.6083
35.19,-61.5917
35.2,-61.5751
35.21,-61.5585
35.22,-61.542
35.23,-61.5254
35.24,-61.5089
35.25,-61.4924
35.26,-61.4759
35.27,-61.4594
35.28,-61.4429
35.29,-61.4265
35.3,-61.4101
35.31,-61.3937
35.32,-61.3773
35.33,-61.3609
35.34,-61.3445
35.35,-61.3282
35.36,-61.3119
35.37,-61.2956
35.38,-61.2793
35.39,-61.263
35.4,-61.2467
35.41,-61.2305
35.42,-61.2142
35.43,-61.198
35.44,-61.1818
35.45,-61.1656
35.46,-61.1495
35.47,-61.1333
35.48,-61.1172
35.49,-61.1011
35.5,-61.085
35.51,-61.0689
35.52,-61.0528
35.53,-61.0368
35.54,-61.0207
35.55,-61.0047
35.56,-60.9887
35.57,-60.9727
35.58,-60.9567
35.59,-60.9408
35.6,-60.9248
35.61,-60.9089
35.62,-60.893
35.63,-60.8771
35.64,-60.8612
35.65,-60.8454
35.66,-60.8295
35.67,-60.8137
35.68,-60.7979
35.69,-60.7821
35.7,-60.7663
35.71,-60.7505
35.72,-60.7348
35.73,-60.7191
35.74,-60.7033
35.75,-60.6876
35.76,-60.672
35.77,-60.6563
35.78,-60.6406
35.79,-60.625
35.8,-60.6094
35.81,-60.5937
35.82,-60.5782
35.83,-60.5626
35.84,-60.547
35.85,-60.5315
35.86,-60.5159
35.87,-60.5004
35.88,-60.4849
35.89,-60.4694
35.9,-60.454
35.91,-60.4385
35.92,-60.4231
35.93,-60.4077
35.94,-60.3922
35.95,-60.3769
35.96,-60.3615
35.97,-60.3461
35.98,-60.3308
35.99,-60.3154
36,-60.3001
36.01,-60.2848
36.02,-60.2695
36.03,-60.2543
36.04,-60.239
36.05,-60.2238
36.06,-60.2085
36.07,-60.1933
36.08,-60.1781
36.09,-60.163
36.1,-60.1478
36.11,-60.1327
36.12,-60.1175
36.13,-60.1024
36.14,-60.0873
36.15,-60.0722
36.16,-60.0571
36.17,-60.0421
36.18,-60.027
36.19,-60.012
36.2,-59.997
36.21,-59.982
36.22,-59.967
36.23,-59.9521
36.24,-59.9371
36.25,-59.9222
36.26,-59.9072
36.27,-59.8923
36.28,-59.8775
36.29,-59.8626
36.3,-59.8477
36.31,-59.8329
36.32,-59.818
36.33,-59.8032
36.34,-59.7884
36.35,-59.7736
36.36,-59.7588
36.37,-59.7441
36.38,-59.7293
36.39,-59.7146
36.4,-59.6999
36.41,-59.6852
36.42,-59.6705
36.43,-59.6558
36.44,-59.6412
36.45,-59.6265
36.46,-59.6119
36.47,-59.5973
36.48,-59.5827
36.49,-59.5681
36.5,-59.5536
36.51,-59.539
36.52,-59.5245
36.53,-59.5099
36.54,-59.4954
36.55,-59.4809
36.56,-59.4665
36.57,-59.452
36.58,-59.4375
36.59,-59.4231
36.6,-59.4087
36.61,-59.3943
36.62,-59.3799
36.63,-59.3655
36.64,-59.3511
36.65,-59.3368
36.66,-59.3224
36.67,-59.3081
36.68,-59.2938
36.69,-59.2795
36.7,-59.2652
36.71,-59.251
36.72,-59.2367
36.73,-59.2225
36.74,-59.2083
36.75,-59.1941
36.76,-59.1799
36.77,-59.1657
36.78,-59.1515
36.79,-59.1374
36.8,-59.1232
36.81,-59.1091
36.82,-59.095
36.83,-59.0809
36.84,-59.0668
36.85,-59.0528
36.86,-59.0387
36.87,-59.0247
36.88,-59.0106
36.89,-58.9966
36.9,-58.9826
36.91,-58.9686
36.92,-58.9547
36.93,-58.9407
36.94,-58.9268
36.95,-58.9129
36.96,-58.8989
36.97,-58.885
36.98,-58.8712
36.99,-58.8573
37,-58.8434
37.01,-58.8296
37.02,-58.8158
37.03,-58.8019
37.04,-58.7881
37.05,-58.7743
37.06,-58.7606
37.07,-58.7468
37.08,-58.7331
37.09,-58.7193
37.1,-58.7056
37.11,-58.6919
37.12,-58.6782
37.13,-58.6645
37.14,-58.6509
37.15,-58.6372
37.16,-58.6236
37.17,-58.61
37.18,-58.5964
37.19,-58.5828
37.2,-58.5692
37.21,-58.5556
37.22,-58.542
37.23,-58.5285
37.24,-58.515
37.25,-58.5015
37.26,-58.488
37.27,-58.4745
37.28,-58.461
37.29,-58.4475
37.3,-58.4341
37.31,-58.4207
37.32,-58.4072
37.33,-58.3938
37.34,-58.3804
37.35,-58.3671
37.36,-58.3537
37.37,-58.3403
37.38,-58.327
37.39,-58.3137
37.4,-58.3004
37.41,-58.2871
37.42,-58.2738
37.43,-58.2605
37.44,-58.2472
37.45,-58.234
37.46,-58.2208
37.47,-58.2075
37.48,-58.1943
37.49,-58.1811
37.5,-58.1679
37.51,-58.1548
37.52,-58.1416
37.53,-58.1285
37.54,-58.1154
37.55,-58.1022
37.56,-58.0891
37.57,-58.076
37.58,-58.063
37.59,-58.0499
37.6,-58.0369
37.61,-58.0238
37.62,-58.0108
37.63,-57.9978
37.64,-57.9848
37.65,-57.9718
37.66,-57.9588
37.67,-57.9459
37.68,-57.9329
37.69,-57.92
37.7,-57.9071
37.71,-57.8942
37.72,-57.8813
37.73,-57.8684
37.74,-57.8555
37.75,-57.8427
37.76,-57.8298
37.77,-57.817
37.78,-57.8042
37.79,-57.7914
37.8,-57.7786
37.81,-57.7658
37.82,-57.753
37.83,-57.7403
37.84,-57.7275
37.85,-57.7148
37.86,-57.7021
37.87,-57.6894
37.88,-57.6767
37.89,-57.664
37.9,-57.6514
37.91,-57.6387
37.92,-57.6261
37.93,-57.6135
37.94,-57.6008
37.95,-57.5882
37.96,-57.5757
37.97,-57.5631
37.98,-57.5505
37.99,-57.538
38,-57.5254
38.01,-57.5129
38.02,-57.5004
38.03,-57.4879
38.04,-57.4754
38.05,-57.4629
38.06,-57.4505
38.07,-57.438
38.08,-57.4256
38.09,-57.4131
38.1,-57.4007
38.11,-57.3883
38.12,-57.3759
38.13,-57.3636
38.14,-57.3512
38.15,-57.3389
38.16,-57.3265
38.17,-57.3142
38.18,-57.3019
38.19,-57.2896
38.2,-57.2773
38.21,-57.265
38.22,-57.2527
38.23,-57.2405
38.24,-57.2282
38.25,-57.216
38.26,-57.2038
38.27,-57.1916
38.28,-57.1794
38.29,-57.1672
38.3,-57.1551
38.31,-57.1429
38.32,-57.1308
38.33,-57.1186
38.34,-57.1065
38.35,-57.0944
38.36,-57.0823
38.37,-57.0702
38.38,-57.0582
38.39,-57.0461
38.4,-57.0341
38.41,-57.022
38.42,-57.01
38.43,-56.998
38.44,-56.986
38.45,-56.974
38.46,-56.962
38.47,-56.9501
38.48,-56.9381
38.49,-56.9262
38.5,-56.9143
38.51,-56.9023
38.52,-56.8904
38.53,-56.8785
38.54,-56.8667
38.55,-56.8548
38.56,-56.8429
38.57,-56.8311
38.58,-56.8193
38.59,-56.8075
38.6,-56.7956
38.61,-56.7839
38.62,-56.7721
38.63,-56.7603
38.64,-56.7485
38.65,-56.7368
38.66,-56.725
38.67,-56.7133
38.68,-56.7016
38.69,-56.6899
38.7,-56.6782
38.71,-56.6665
38.72,-56.6549
38.73,-56.6432
38.74,-56.6316
38.75,-56.6199
38.76,-56.6083
38.77,-56.5967
38.78,-56.5851
38.79,-56.5735
38.8,-56.562
38.81,-56.5504
38.82,-56.5388
38.83,-56.5273
38.84,-56.5158
38.85,-56.5043
38.86,-56.4928
38.87,-56.4813
38.88,-56.4698
38.89,-56.4583
38.9,-56.4469
38.91,-56.4354
38.92,-56.424
38.93,-56.4126
38.94,-56.4011
38.95,-56.3897
38.96,-56.3784
38.97,-56.367
38.98,-56.3556
38.99,-56.3443
39,-56.3329
39.01,-56.3216
39.02,-56.3103
39.03,-56.2989
39.04,-56.2876
39.05,-56.2764
39.06,-56.2651
39.07,-56.2538
39.08,-56.2426
39.09,-56.2313
39.1,-56.2201
39.11,-56.2089
39.12,-56.1977
39.13,-56.1865
39.14,-56.1753
39.15,-56.1641
39.16,-56.1529
39.17,-56.1418
39.18,-56.1306
39.19,-56.1195
39.2,-56.1084
39.21,-56.0973
39.22,-56.0862
39.23,-56.0751
39.24,-56.064
39.25,-56.053
39.26,-56.0419
39.27,-56.0309
39.28,-56.0198
39.29,-56.0088
39.3,-55.9978
39.31,-55.9868
39.32,-55.9758
39.33,-55.9648
39.34,-55.9539
39.35,-55.9429
39.36,-55.932
39.37,-55.921
39.38,-55.9101
39.39,-55.8992
39.4,-55.8883
39.41,-55.8774
39.42,-55.8666
39.43,-55.8557
39.44,-55.8448
39.45,-55.834
39.46,-55.8232
39.47,-55.8123
39.48,-55.8015
39.49,-55.7907
39.5,-55.7799
39.51,-55.7691
39.52,-55.7584
39.53,-55.7476
39.54,-55.7369
39.55,-55.7261
39.56,-55.7154
39.57,-55.7047
39.58,-55.694
39.59,-55.6833
39.6,-55.6726
39.61,-55.6619
39.62,-55.6513
39.63,-55.6406
39.64,-55.63
39.65,-55.6194
39.66,-55.6087
39.67,-55.5981
39.68,-55.5875
39.69,-55.5769
39.7,-55.5664
39.71,-55.5558
39.72,-55.5452
39.73,-55.5347
39.74,-55.5242
39.75,-55.5136
39.76,-55.5031
39.77,-55.4926
39.78,-55.4821
39.79,-55.4716
39.8,-55.4612
39.81,-55.4507
39.82,-55.4403
39.83,-55.4298
39.84,-55.4194
39.85,-55.409
39.86,-55.3986
39.87,-55.3882
39.88,-55.3778
39.89,-55.3674
39.9,-55.357
39.91,-55.3467
39.92,-55.3363
39.93,-55.326
39.94,-55.3157
39.95,-55.3053
39.96,-55.295
39.97,-55.2847
39.98,-55.2745
39.99,-55.2642
40,-55.2539
40.01,-55.2437
40.02,-55.2334
40.03,-55.2232
40.04,-55.213
40.05,-55.2028
40.06,-55.1926
40.07,-55.1824
40.08,-55.1722
40.09,-55.162
40.1,-55.1518
40.11,-55.1417
40.12,-55.1316
40.13,-55.1214
40.14,-55.1113
40.15,-55.1012
40.16,-55.0911
40.17,-55.081
40.18,-55.0709
40.19,-55.0608
40.2,-55.0508
40.21,-55.0407
40.22,-55.0307
40.23,-55.0207
40.24,-55.0106
40.25,-55.0006
40.26,30
40.27,-75
40.28,-75
40.29,-75
40.3,-75
40.31,-75
40.32,-75
40.33,-75
40.34,-75
40.35,-75
40.36,-75
40.37,-75
40.38,-74.97
40.39,-74.94
40.4,-74.9101
40.41,-74.8802
40.42,-74.8503
40.43,-74.8204
40.44,-74.7906
40.45,-74.7608
40.46,-74.7311
40.47,-74.7013
40.48,-74.6716
40.49,-74.642
40.5,-74.6123
40.51,-74.5827
40.52,-74.5531
40.53,-74.5236
40.54,-74.4941
40.55,-74.4646
40.56,-74.4351
40.57,-74.4057
40.58,-74.3763
40.59,-74.3469
40.6,-74.3175
40.61,-74.2882
40.62,-74.2589
40.63,-74.2297
40.64,-74.2004
40.65,-74.1712
40.66,-74.1421
40.67,-74.1129
40.68,-74.0838
40.69,-74.0547
40.7,-74.0257
40.71,-73.9967
40.72,-73.9677
40.73,-73.9387
40.74,-73.9097
40.75,-73.8808
40.76,-73.852
40.77,-73.8231
40.78,-73.7943
40.79,-73.7655
40.8,-73.7367
40.81,-73.708
40.82,-73.6793
40.83,-73.6506
40.84,-73.6219
40.85,-73.5933
40.86,-73.5647
40.87,-73.5362
40.88,-73.5076
40.89,-73.4791
40.9,-73.4506
40.91,-73.4222
40.92,-73.3938
40.93,-73.3654
40.94,-73.337
40.95,-73.3087
40.96,-73.2804
40.97,-73.2521
40.98,-73.2238
40.99,-73.1956
41,-73.1674
41.01,-73.1392
41.02,-73.1111
41.03,-73.083
41.04,-73.0549
41.05,-73.0269
41.06,-72.9988
41.07,-72.9708
41.08,-72.9429
41.09,-72.9149
41.1,-72.887
41.11,-72.8591
41.12,-72.8313
41.13,-72.8034
41.14,-72.7756
41.15,-72.7478
41.16,-72.7201
41.17,-72.6924
41.18,-72.6647
41.19,-72.637
41.2,-72.6094
41.21,-72.5818
41.22,-72.5542
41.23,-72.5266
41.24,-72.4991
41.25,-72.4716
41.26,-72.4441
41.27,-72.4167
41.28,-72.3893
41.29,-72.3619
41.3,-72.3345
41.31,-72.3072
41.32,-72.2799
41.33,-72.2526
41.34,-72.2254
41.35,-72.1981
41.36,-72.1709
41.37,-72.1438
41.38,-72.1166
41.39,-72.0895
41.4,-72.0624
41.41,-72.0354
41.42,-72.0083
41.43,-71.9813
41.44,-71.9543
41.45,-71.9274
41.46,-71.9004
41.47,-71.8735
41.48,-71.8467
41.49,-71.8198
41.5,-71.793
41.51,-71.7662
41.52,-71.7394
41.53,-71.7127
41.54,-71.686
41.55,-71.6593
41.56,-71.6326
41.57,-71.606
41.58,-71.5794
41.59,-71.5528
41.6,-71.5263
41.61,-71.4998
41.62,-71.4733
41.63,-71.4468
41.64,-71.4203
41.65,-71.3939
41.66,-71.3675
41.67,-71.3411
41.68,-71.3148
41.69,-71.2885
41.7,-71.2622
41.71,-71.2359
41.72,-71.2097
41.73,-71.1835
41.74,-71.1573
41.75,-71.1312
41.76,-71.105
41.77,-71.0789
41.78,-71.0528
41.79,-71.0268
41.8,-71.0008
41.81,-70.9748
41.82,-70.9488
41.83,-70.9228
41.84,-70.8969
41.85,-70.871
41.86,-70.8451
41.87,-70.8193
41.88,-70.7935
41.89,-70.7677
41.9,-70.7419
41.91,-70.7162
41.92,-70.6905
41.93,-70.6648
41.94,-70.6391
41.95,-70.6135
41.96,-70.5879
41.97,-70.5623
41.98,-70.5367
41.99,-70.5112
42,-70.4857
42.01,-70.4602
42.02,-70.4347
42.03,-70.4093
42.04,-70.3839
42.05,-70.3585
42.06,-70.3331
42.07,-70.3078
42.08,-70.2825
42.09,-70.2572
42.1,-70.2319
42.11,-70.2067
42.12,-70.1815
42.13,-70.1563
42.14,-70.1312
42.15,-70.106
42.16,-70.0809
42.17,-70.0558
42.18,-70.0308
42.19,-70.0058
42.2,-69.9808
42.21,-69.9558
42.22,-69.9308
42.23,-69.9059
42.24,-69.881
42.25,-69.8561
42.26,-69.8312
42.27,-69.8064
42.28,-69.7816
42.29,-69.7568
42.3,-69.7321
42.31,-69.7073
42.32,-69.6826
42.33,-69.6579
42.34,-69.6333
42.35,-69.6087
42.36,-69.584
42.37,-69.5595
42.38,-69.5349
42.39,-69.5104
42.4,-69.4859
42.41,-69.4614
42.42,-69.4369
42.43,-69.4125
42.44,-69.3881
42.45,-69.3637
42.46,-69.3393
42.47,-69.315
42.48,-69.2907
42.49,-69.2664
42.5,-69.2421
42.51,-69.2179
42.52,-69.1936
42.53,-69.1694
42.54,-69.1453
42.55,-69.1211
42.56,-69.097
42.57,-69.0729
42.58,-69.0488
42.59,-69.0248
42.6,-69.0008
42.61,-68.9768
42.62,-68.9528
42.63,-68.9288
42.64,-68.9049
42.65,-68.881
42.66,-68.8571
42.67,-68.8333
42.68,-68.8094
42.69,-68.7856
42.7,-68.7618
42.71,-68.7381
42.72,-68.7143
42.73,-68.6906
42.74,-68.6669
42.75,-68.6433
42.76,-68.6196
42.77,-68.596
42.78,-68.5724
42.79,-68.5488
42.8,-68.5253
42.81,-68.5018
42.82,-68.4783
42.83,-68.4548
42.84,-68.4313
42.85,-68.4079
42.86,-68.3845
42.87,-68.3611
42.88,-68.3377
42.89,-68.3144
42.9,-68.2911
42.91,-68.2678
42.92,-68.2445
42.93,-68.2213
42.94,-68.1981
42.95,-68.1749
42.96,-68.1517
42.97,-68.1285
42.98,-68.1054
42.99,-68.0823
43,-68.0592
43.01,-68.0362
43.02,-68.0131
43.03,-67.9901
43.04,-67.9671
43.05,-67.9442
43.06,-67.9212
43.07,-67.8983
43.08,-67.8754
43.09,-67.8525
43.1,-67.8297
43.11,-67.8068
43.12,-67.784
43.13,-67.7612
43.14,-67.7385
43.15,-67.7157
43.16,-67.693
43.17,-67.6703
43.18,-67.6477
43.19,-67.625
43.2,-67.6024
43.21,-67.5798
43.22,-67.5572
43.23,-67.5347
43.24,-67.5121
43.25,-67.4896
43.26,-67.4671
43.27,-67.4447
43.28,-67.4222
43.29,-67.3998
43.3,-67.3774
43.31,-67.355
43.32,-67.3327
43.33,-67.3103
43.34,-67.288
43.35,-67.2657
43.36,-67.2435
43.37,-67.2212
43.38,-67.199
43.39,-67.1768
43.4,-67.1546
43.41,-67.1325
43.42,-67.1103
43.43,-67.0882
43.44,-67.0661
43.45,-67.0441
43.46,-67.022
43.47,-67
43.48,-66.978
43.49,-66.956
43.5,-66.9341
43.51,-66.9121
43.52,-66.8902
43.53,-66.8683
43.54,-66.8465
43.55,-66.8246
43.56,-66.8028
43.57,-66.781
43.58,-66.7592
43.59,-66.7374
43.6,-66.7157
43.61,-66.694
43.62,-66.6723
43.63,-66.6506
43.64,-66.629
43.65,-66.6073
43.66,-66.5857
43.67,-66.5642
43.68,-66.5426
43.69,-66.521
43.7,-66.4995
43.71,-66.478
43.72,-66.4565
43.73,-66.4351
43.74,-66.4137
43.75,-66.3922
43.76,-66.3708
43.77,-66.3495
43.78,-66.3281
43.79,-66.3068
43.8,-66.2855
43.81,-66.2642
43.82,-66.2429
43.83,-66.2217
43.84,-66.2005
43.85,-66.1793
43.86,-66.1581
43.87,-66.1369
43.88,-66.1158
43.89,-66.0947
43.9,-66.0736
43.91,-66.0525
43.92,-66.0315
43.93,-66.0104
43.94,-65.9894
43.95,-65.9684
43.96,-65.9475
43.97,-65.9265
43.98,-65.9056
43.99,-65.8847
44,-65.8638
44.01,-65.8429
44.02,-65.8221
44.03,-65.8013
44.04,-65.7805
44.05,-65.7597
44.06,-65.7389
44.07,-65.7182
44.08,-65.6975
44.09,-65.6768
44.1,-65.6561
44.11,-65.6354
44.12,-65.6148
44.13,-65.5942
44.14,-65.5736
44.15,-65.553
44.16,-65.5325
44.17,-65.5119
44.18,-65.4914
44.19,-65.4709
44.2,-65.4505
44.21,-65.43
44.22,-65.4096
44.23,-65.3892
44.24,-65.3688
44.25,-65.3484
44.26,-65.3281
44.27,-65.3077
44.28,-65.2874
44.29,-65.2671
44.3,-65.2469
44.31,-65.2266
44.32,-65.2064
44.33,-65.1862
44.34,-65.166
44.35,-65.1458
44.36,-65.1257
44.37,-65.1056
44.38,-65.0855
44.39,-65.0654
44.4,-65.0453
44.41,-65.0253
44.42,-65.0053
44.43,-64.9852
44.44,-64.9653
44.45,-64.9453
44.46,-64.9253
44.47,-64.9054
44.48,-64.8855
44.49,-64.8656
44.5,-64.8458
44.51,-64.8259
44.52,-64.8061
44.53,-64.7863
44.54,-64.7665
44.55,-64.7467
44.56,-64.727
44.57,-64.7073
44.58,-64.6876
44.59,-64.6679
44.6,-64.6482
44.61,-64.6286
44.62,-64.6089
44.63,-64.5893
44.64,-64.5697
44.65,-64.5502
44.66,-64.5306
44.67,-64.5111
44.68,-64.4916
44.69,-64.4721
44.7,-64.4526
44.71,-64.4331
44.72,-64.4137
44.73,-64.3943
44.74,-64.3749
44.75,-64.3555
44.76,-64.3362
44.77,-64.3168
44.78,-64.2975
44.79,-64.2782
44.8,-64.2589
44.81,-64.2397
44.82,-64.2204
44.83,-64.2012
44.84,-64.182
44.85,-64.1628
44.86,-64.1437
44.87,-64.1245
44.88,-64.1054
44.89,-64.0863
44.9,-64.0672
44.91,-64.0482
44.92,-64.0291
44.93,-64.0101
44.94,-63.9911
44.95,-63.9721
44.96,-63.9531
44.97,-63.9342
44.98,-63.9152
44.99,-63.8963
45,-63.8774
45.01,-63.8585
45.02,-63.8397
45.03,-63.8208
45.04,-63.802
45.05,-63.7832
45.06,-63.7644
45.07,-63.7457
45.08,-63.7269
45.09,-63.7082
45.1,-63.6895
45.11,-63.6708
45.12,-63.6521
45.13,-63.6335
45.14,-63.6148
45.15,-63.5962
45.16,-63.5776
45.17,-63.559
45.18,-63.5405
45.19,-63.5219
45.2,-63.5034
45.21,-63.4849
45.22,-63.4664
45.23,-63.448
45.24,-63.4295
45.25,-63.4111
45.26,-63.3927
45.27,-63.3743
45.28,-63.3559
45.29,-63.3376
45.3,-63.3192
45.31,-63.3009
45.32,-63.2826
45.33,-63.2643
45.34,-63.2461
45.35,-63.2278
45.36,-63.2096
45.37,-63.1914
45.38,-63.1732
45.39,-63.155
45.4,-63.1368
45.41,-63.1187
45.42,-63.1006
45.43,-63.0825
45.44,-63.0644
45.45,-63.0463
45.46,-63.0283
45.47,-63.0103
45.48,-62.9923
45.49,-62.9743
45.5,-62.9563
45.51,-62.9383
45.52,-62.9204
45.53,-62.9025
45.54,-62.8846
45.55,-62.8667
45.56,-62.8488
45.57,-62.831
45.58,-62.8131
45.59,-62.7953
45.6,-62.7775
45.61,-62.7598
45.62,-62.742
45.63,-62.7243
45.64,-62.7065
45.65,-62.6888
45.66,-62.6711
45.67,-62.6535
45.68,-62.6358
45.69,-62.6182
45.7,-62.6006
45.71,-62.583
45.72,-62.5654
45.73,-62.5478
45.74,-62.5303
45.75,-62.5127
45.76,-62.4952
45.77,-62.4777
45.78,-62.4602
45.79,-62.4428
45.8,-62.4253
45.81,-62.4079
45.82,-62.3905
45.83,-62.3731
45.84,-62.3557
45.85,-62.3384
45.86,-62.3211
45.87,-62.3037
45.88,-62.2864
45.89,-62.2691
45.9,-62.2519
45.91,-62.2346
45.92,-62.2174
45.93,-62.2002
45.94,-62.183
45.95,-62.1658
45.96,-62.1486
45.97,-62.1315
45.98,-62.1143
45.99,-62.0972
46,-62.0801
46.01,-62.063
46.02,-62.046
46.03,-62.0289
46.04,-62.0119
46.05,-61.9949
46.06,-61.9779
46.07,-61.9609
46.08,-61.944
46.09,-61.927
46.1,-61.9101
46.11,-61.8932
46.12,-61.8763
46.13,-61.8594
46.14,-61.8426
46.15,-61.8257
46.16,-61.8089
46.17,-61.7921
46.18,-61.7753
46.19,-61.7585
46.2,-61.7418
46.21,-61.725
46.22,-61.7083
46.23,-61.6916
46.24,-61.6749
46.25,-61.6582
46.26,-61.6416
46.27,-61.6249
46.28,-61.6083
46.29,-61.5917
46.3,-61.5751
46.31,-61.5585
46.32,-61.542
46.33,-61.5254
46.34,-61.5089
46.35,-61.4924
46.36,-61.4759
46.37,-61.4594
46.38,-61.4429
46.39,-61.4265
46.4,-61.4101
46.41,-61.3937
46.42,-61.3773
46.43,-61.3609
46.44,-61.3445
46.45,-61.3282
46.46,-61.3119
46.47,-61.2956
46.48,-61.2793
46.49,-61.263
46.5,-61.2467
46.51,-61.2305
46.52,-61.2142
46.53,-61.198
46.54,-61.1818
46.55,-61.1656
46.56,-61.1495
46.57,-61.1333
46.58,-61.1172
46.59,-61.1011
46.6,-61.085
46.61,-61.0689
46.62,-61.0528
46.63,-61.0368
46.64,-61.0207
46.65,-61.0047
46.66,-60.9887
46.67,-60.9727
46.68,-60.9567
46.69,-60.9408
46.7,-60.9248
46.71,-60.9089
46.72,-60.893
46.73,-60.8771
46.74,-60.8612
46.75,-60.8454
46.76,-60.8295
46.77,-60.8137
46.78,-60.7979
46.79,-60.7821
46.8,-60.7663
46.81,-60.7505
46.82,-60.7348
46.83,-60.7191
46.84,-60.7033
46.85,-60.6876
46.86,-60.672
46.87,-60.6563
46.88,-60.6406
46.89,-60.625
46.9,-60.6094
46.91,-60.5937
46.92,-60.5782
46.93,-60.5626
46.94,-60.547
46.95,-60.5315
46.96,-60.5159
46.97,-60.5004
46.98,-60.4849
46.99,-60.4694
47,-60.454
47.01,-60.4385
47.02,-60.4231
47.03,-60.4077
47.04,-60.3922
47.05,-60.3769
47.06,-60.3615
47.07,-60.3461
47.08,-60.3308
47.09,-60.3154
47.1,-60.3001
47.11,-60.2848
47.12,-60.2695
47.13,-60.2543
47.14,-60.239
47.15,-60.2238
47.16,-60.2085
47.17,-60.1933
47.18,-60.1781
47.19,-60.163
47.2,-60.1478
47.21,-60.1327
47.22,-60.1175
47.23,-60.1024
47.24,-60.0873
47.25,-60.0722
47.26,-60.0571
47.27,-60.0421
47.28,-60.027
47.29,-60.012
47.3,-59.997
47.31,-59.982
47.32,-59.967
47.33,-59.9521
47.34,-59.9371
47.35,-59.9222
47.36,-59.9072
47.37,-59.8923
47.38,-59.8775
47.39,-59.8626
47.4,-59.8477
47.41,-59.8329
47.42,-59.818
47.43,-59.8032
47.44,-59.7884
47.45,-59.7736
47.46,-59.7588
47.47,-59.7441
47.48,-59.7293
47.49,-59.7146
47.5,-59.6999
47.51,-59.6852
47.52,-59.6705
47.53,-59.6558
47.54,-59.6412
47.55,-59.6265
47.56,-59.6119
47.57,-59.5973
47.58,-59.5827
47.59,-59.5681
47.6,-59.5536
47.61,-59.539
47.62,-59.5245
47.63,-59.5099
47.64,-59.4954
47.65,-59.4809
47.66,-59.4665
47.67,-59.452
47.68,-59.4375
47.69,-59.4231
47.7,-59.4087
47.71,-59.3943
47.72,-59.3799
47.73,-59.3655
47.74,-59.3511
47.75,-59.3368
47.76,-59.3224
47.77,-59.3081
47.78,-59.2938
47.79,-59.2795
47.8,-59.2652
47.81,-59.251
47.82,-59.2367
47.83,-59.2225
47.84,-59.2083
47.85,-59.1941
47.86,-59.1799
47.87,-59.1657
47.88,-59.1515
47.89,-59.1374
47.9,-59.1232
47.91,-59.1091
47.92,-59.095
47.93,-59.0809
47.94,-59.0668
47.95,-59.0528
47.96,-59.0387
47.97,-59.0247
47.98,-59.0106
47.99,-58.9966
48,-58.9826
48.01,-58.9686
48.02,-58.9547
48.03,-58.9407
48.04,-58.9268
48.05,-58.9129
48.06,-58.8989
48.07,-58.885
48.08,-58.8712
48.09,-58.8573
48.1,-58.8434
48.11,-58.8296
48.12,-58.8158
48.13,-58.8019
48.14,-58.7881
48.15,-58.7743
48.16,-58.7606
48.17,-58.7468
48.18,-58.7331
48.19,-58.7193
48.2,-58.7056
48.21,-58.6919
48.22,-58.6782
48.23,-58.6645
48.24,-58.6509
48.25,-58.6372
48.26,-58.6236
48.27,-58.61
48.28,-58.5964
48.29,-58.5828
48.3,-58.5692
48.31,-58.5556
48.32,-58.542
48.33,-58.5285
48.34,-58.515
48.35,-58.5015
48.36,-58.488
48.37,-58.4745
48.38,-58.461
48.39,-58.4475
48.4,-58.4341
48.41,-58.4207
48.42,-58.4072
48.43,-58.3938
48.44,-58.3804
48.45,-58.3671
48.46,-58.3537
48.47,-58.3403
48.48,-58.327
48.49,-58.3137
48.5,-58.3004
48.51,-58.2871
48.52,-58.2738
48.53,-58.2605
48.54,-58.2472
48.55,-58.234
48.56,-58.2208
48.57,-58.2075
48.58,-58.1943
48.59,-58.1811
48.6,-58.1679
48.61,-58.1548
48.62,-58.1416
48.63,-58.1285
48.64,-58.1154
48.65,-58.1022
48.66,-58.0891
48.67,-58.076
48.68,-58.063
48.69,-58.0499
48.7,-58.0369
48.71,-58.0238
48.72,-58.0108
48.73,-57.9978
48.74,-57.9848
48.75,-57.9718
48.76,-57.9588
48.77,-57.9459
48.78,-57.9329
48.79,-57.92
48.8,-57.9071
48.81,-57.8942
48.82,-57.8813
48.83,-57.8684
48.84,-57.8555
48.85,-57.8427
48.86,-57.8298
48.87,-57.817
48.88,-57.8042
48.89,-57.7914
48.9,-57.7786
48.91,-57.7658
48.92,-57.753
48.93,-57.7403
48.94,-57.7275
48.95,-57.7148
48.96,-57.7021
48.97,-57.6894
48.98,-57.6767
48.99,-57.664
49,-57.6514
49.01,-57.6387
49.02,-57.6261
49.03,-57.6135
49.04,-57.6008
49.05,-57.5882
49.06,-57.5757
49.07,-57.5631
49.08,-57.5505
49.09,-57.538
49.1,-57.5254
49.11,-57.5129
49.12,-57.5004
49.13,-57.4879
49.14,-57.4754
49.15,-57.4629
49.16,-57.4505
49.17,-57.438
49.18,-57.4256
49.19,-57.4131
49.2,-57.4007
49.21,-57.3883
49.22,-57.3759
49.23,-57.3636
49.24,-57.3512
49.25,-57.3389
49.26,-57.3265
49.27,-57.3142
49.28,-57.3019
49.29,-57.2896
49.3,-57.2773
49.31,-57.265
49.32,-57.2527
49.33,-57.2405
49.34,-57.2282
49.35,-57.216
49.36,-57.2038
49.37,-57.1916
49.38,-57.1794
49.39,-57.1672
49.4,-57.1551
49.41,-57.1429
49.42,-57.1308
49.43,-57.1186
49.44,-57.1065
49.45,-57.0944
49.46,-57.0823
49.47,-57.0702
49.48,-57.0582
49.49,-57.0461
49.5,-57.0341
49.51,-57.022
49.52,-57.01
49.53,-56.998
49.54,-56.986
49.55,-56.974
49.56,-56.962
49.57,-56.9501
49.58,-56.9381
49.59,-56.9262
49.6,-56.9143
49.61,-56.9023
49.62,-56.8904
49.63,-56.8785
49.64,-56.8667
49.65,-56.8548
49.66,-56.8429
49.67,-56.8311
49.68,-56.8193
49.69,-56.8075
49.7,-56.7956
49.71,-56.7839
49.72,-56.7721
49.73,-56.7603
49.74,-56.7485
49.75,-56.7368
49.76,-56.725
49.77,-56.7133
49.78,-56.7016
49.79,-56.6899
49.8,-56.6782
49.81,-56.6665
49.82,-56.6549
49.83,-56.6432
49.84,-56.6316
49.85,-56.6199
49.86,-56.6083
49.87,-56.5967
49.88,-56.5851
49.89,-56.5735
49.9,-56.562
49.91,-56.5504
49.92,-56.5388
49.93,-56.5273
49.94,-56.5158
49.95,-56.5043
49.96,-56.4928
49.97,-56.4813
49.98,-56.4698
49.99,-56.4583
50,-56.4469
50.01,-56.4354
50.02,-56.424
50.03,-56.4126
50.04,-56.4011
50.05,-56.3897
50.06,-56.3784
50.07,-56.367
50.08,-56.3556
50.09,-56.3443
50.1,-56.3329
50.11,-56.3216
50.12,-56.3103
50.13,-56.2989
50.14,-56.2876
50.15,-56.2764
50.16,-56.2651
50.17,-56.2538
50.18,-56.2426
50.19,-56.2313
50.2,-56.2201
50.21,-56.2089
50.22,-56.1977
50.23,-56.1865
50.24,-56.1753
50.25,-56.1641
50.26,-56.1529
50.27,-56.1418
50.28,-56.1306
50.29,-56.1195
50.3,-56.1084
50.31,-56.0973
50.32,-56.0862
50.33,-56.0751
50.34,-56.064
50.35,-56.053
50.36,-56.0419
50.37,-56.0309
50.38,-56.0198
50.39,-56.0088
50.4,-55.9978
50.41,-55.9868
50.42,-55.9758
50.43,-55.9648
50.44,-55.9539
50.45,-55.9429
50.46,-55.932
50.47,-55.921
50.48,-55.9101
50.49,-55.8992
50.5,-55.8883
50.51,-55.8774
50.52,-55.8666
50.53,-55.8557
50.54,-55.8448
50.55,-55.834
50.56,-55.8232
50.57,-55.8123
50.58,-55.8015
50.59,-55.7907
50.6,-55.7799
50.61,-55.7691
50.62,-55.7584
50.63,-55.7476
50.64,-55.7369
50.65,-55.7261
50.66,-55.7154
50.67,-55.7047
50.68,-55.694
50.69,-55.6833
50.7,-55.6726
50.71,-55.6619
50.72,-55.6513
50.73,-55.6406
50.74,-55.63
50.75,-55.6194
50.76,-55.6087
50.77,-55.5981
50.78,-55.5875
50.79,-55.5769
50.8,-55.5664
50.81,-55.5558
50.82,-55.5452
50.83,-55.5347
50.84,-55.5242
50.85,-55.5136
50.86,-55.5031
50.87,-55.4926
50.88,-55.4821
50.89,-55.4716
50.9,-55.4612
50.91,-55.4507
50.92,-55.4403
50.93,-55.4298
50.94,-55.4194
50.95,-55.409
50.96,-55.3986
50.97,-55.3882
50.98,-55.3778
50.99,-55.3674
51,-55.357
51.01,-55.3467
51.02,-55.3363
51.03,-55.326
51.04,-55.3157
51.05,-55.3053
51.06,-55.295
51.07,-55.2847
51.08,-55.2745
51.09,-55.2642
51.1,-55.2539
51.11,-55.2437
51.12,-55.2334
51.13,-55.2232
51.14,-55.213
51.15,-55.2028
51.16,-55.1926
51.17,-55.1824
51.18,-55.1722
51.19,-55.162
51.2,-55.1518
51.21,-55.1417
51.22,-55.1316
51.23,-55.1214
51.24,-55.1113
51.25,-55.1012
51.26,-55.0911
51.27,-55.081
51.28,-55.0709
51.29,-55.0608
51.3,-55.0508
51.31,-55.0407
51.32,-55.0307
51.33,-55.0207
51.34,-55.0106
51.35,-55.0006
51.36,30
51.37,-75
51.38,-75
51.39,-75
51.4,-75
51.41,-75
51.42,-75
51.43,-75
51.44,-75
51.45,-75
51.46,-75
51.47,-75
51.48,-74.97
51.49,-74.94
51.5,-74.9101
51.51,-74.8802
51.52,-74.8503
51.53,-74.8204
51.54,-74.7906
51.55,-74.7608
51.56,-74.7311
51.57,-74.7013
51.58,-74.6716
51.59,-74.642
51.6,-74.6123
51.61,-74.5827
51.62,-74.5531
51.63,-74.5236
51.64,-74.4941
51.65,-74.4646
51.66,-74.4351
51.67,-74.4057
51.68,-74.3763
51.69,-74.3469
51.7,-74.3175
51.71,-74.2882
51.72,-74.2589
51.73,-74.2297
51.74,-74.2004
51.75,-74.1712
51.76,-74.1421
51.77,-74.1129
51.78,-74.0838
51.79,-74.0547
51.8,-74.0257
51.81,-73.9967
51.82,-73.9677
51.83,-73.9387
51.84,-73.9097
51.85,-73.8808
51.86,-73.852
51.87,-73.8231
51.88,-73.7943
51.89,-73.7655
51.9,-73.7367
51.91,-73.708
51.92,-73.6793
51.93,-73.6506
51.94,-73.6219
51.95,-73.5933
51.96,-73.5647
51.97,-73.5362
51.98,-73.5076
51.99,-73.4791
52,-73.4506
52.01,-73.4222
52.02,-73.3938
52.03,-73.3654
52.04,-73.337
52.05,-73.3087
52.06,-73.2804
52.07,-73.2521
52.08,-73.2238
52.09,-73.1956
52.1,-73.1674
52.11,-73.1392
52.12,-73.1111
52.13,-73.083
52.14,-73.0549
52.15,-73.0269
52.16,-72.9988
52.17,-72.9708
52.18,-72.9429
52.19,-72.9149
52.2,-72.887
52.21,-72.8591
52.22,-72.8313
52.23,-72.8034
52.24,-72.7756
52.25,-72.7478
52.26,-72.7201
52.27,-72.6924
52.28,-72.6647
52.29,-72.637
52.3,-72.6094
52.31,-72.5818
52.32,-72.5542
52.33,-72.5266
52.34,-72.4991
52.35,-72.4716
52.36,-72.4441
52.37,-72.4167
52.38,-72.3893
52.39,-72.3619
52.4,-72.3345
52.41,-72.3072
52.42,-72.2799
52.43,-72.2526
52.44,-72.2254
52.45,-72.1981
52.46,-72.1709
52.47,-72.1438
52.48,-72.1166
52.49,-72.0895
52.5,-72.0624
52.51,-72.0354
52.52,-72.0083
52.53,-71.9813
52.54,-71.9543
52.55,-71.9274
52.56,-71.9004
52.57,-71.8735
52.58,-71.8467
52.59,-71.8198
52.6,-71.793
52.61,-71.7662
52.62,-71.7394
52.63,-71.7127
52.64,-71.686
52.65,-71.6593
52.66,-71.6326
52.67,-71.606
52.68,-71.5794
52.69,-71.5528
52.7,-71.5263
52.71,-71.4998
52.72,-71.4733
52.73,-71.4468
52.74,-71.4203
52.75,-71.3939
52.76,-71.3675
52.77,-71.3411
52.78,-71.3148
52.79,-71.2885
52.8,-71.2622
52.81,-71.2359
52.82,-71.2097
52.83,-71.1835
52.84,-71.1573
52.85,-71.1312
52.86,-71.105
52.87,-71.0789
52.88,-71.0528
52.89,-71.0268
52.9,-71.0008
52.91,-70.9748
52.92,-70.9488
52.93,-70.9228
52.94,-70.8969
52.95,-70.871
52.96,-70.8451
52.97,-70.8193
52.98,-70.7935
52.99,-70.7677
53,-70.7419
53.01,-70.7162
53.02,-70.6905
53.03,-70.6648
53.04,-70.6391
53.05,-70.6135
53.06,-70.5879
53.07,-70.5623
53.08,-70.5367
53.09,-70.5112
53.1,-70.4857
53.11,-70.4602
53.12,-70.4347
53.13,-70.4093
53.14,-70.3839
53.15,-70.3585
53.16,-70.3331
53.17,-70.3078
53.18,-70.2825
53.19,-70.2572
53.2,-70.2319
53.21,-70.2067
53.22,-70.1815
53.23,-70.1563
53.24,-70.1312
53.25,-70.106
53.26,-70.0809
53.27,-70.0558
53.28,-70.0308
53.29,-70.0058
53.3,-69.9808
53.31,-69.9558
53.32,-69.9308
53.33,-69.9059
53.34,-69.881
53.35,-69.8561
53.36,-69.8312
53.37,-69.8064
53.38,-69.7816
53.39,-69.7568
53.4,-69.7321
53.41,-69.7073
53.42,-69.6826
53.43,-69.6579
53.44,-69.6333
53.45,-69.6087
53.46,-69.584
53.47,-69.5595
53.48,-69.5349
53.49,-69.5104
53.5,-69.4859
53.51,-69.4614
53.52,-69.4369
53.53,-69.4125
53.54,-69.3881
53.55,-69.3637
53.56,-69.3393
53.57,-69.315
53.58,-69.2907
53.59,-69.2664
53.6,-69.2421
53.61,-69.2179
53.62,-69.1936
53.63,-69.1694
53.64,-69.1453
53.65,-69.1211
53.66,-69.097
53.67,-69.0729
53.68,-69.0488
53.69,-69.0248
53.7,-69.0008
53.71,-68.9768
53.72,-68.9528
53.73,-68.9288
53.74,-68.9049
53.75,-68.881
53.76,-68.8571
53.77,-68.8333
53.78,-68.8094
53.79,-68.7856
53.8,-68.7618
53.81,-68.7381
53.82,-68.7143
53.83,-68.6906
53.84,-68.6669
53.85,-68.6433
53.86,-68.6196
53.87,-68.596
53.88,-68.5724
53.89,-68.5488
53.9,-68.5253
53.91,-68.5018
53.92,-68.4783
53.93,-68.4548
53.94,-68.4313
53.95,-68.4079
53.96,-68.3845
53.97,-68.3611
53.98,-68.3377
53.99,-68.3144
54,-68.2911
54.01,-68.2678
54.02,-68.2445
54.03,-68.2213
54.04,-68.1981
54.05,-68.1749
54.06,-68.1517
54.07,-68.1285
54.08,-68.1054
54.09,-68.0823
54.1,-68.0592
54.11,-68.0362
54.12,-68.0131
54.13,-67.9901
54.14,-67.9671
54.15,-67.9442
54.16,-67.9212
54.17,-67.8983
54.18,-67.8754
54.19,-67.8525
54.2,-67.8297
54.21,-67.8068
54.22,-67.784
54.23,-67.7612
54.24,-67.7385
54.25,-67.7157
54.26,-67.693
54.27,-67.6703
54.28,-67.6477
54.29,-67.625
54.3,-67.6024
54.31,-67.5798
54.32,-67.5572
54.33,-67.5347
54.34,-67.5121
54.35,-67.4896
54.36,-67.4671
54.37,-67.4447
54.38,-67.4222
54.39,-67.3998
54.4,-67.3774
54.41,-67.355
54.42,-67.3327
54.43,-67.3103
54.44,-67.288
54.45,-67.2657
54.46,-67.2435
54.47,-67.2212
54.48,-67.199
54.49,-67.1768
54.5,-67.1546
54.51,-67.1325
54.52,-67.1103
54.53,-67.0882
54.54,-67.0661
54.55,-67.0441
54.56,-67.022
54.57,-67
54.58,-66.978
54.59,-66.956
54.6,-66.9341
54.61,-66.9121
54.62,-66.8902
54.63,-66.8683
54.64,-66.8465
54.65,-66.8246
54.66,-66.8028
54.67,-66.781
54.68,-66.7592
54.69,-66.7374
54.7,-66.7157
54.71,-66.694
54.72,-66.6723
54.73,-66.6506
54.74,-66.629
54.75,-66.6073
54.76,-66.5857
54.77,-66.5642
54.78,-66.5426
54.79,-66.521
54.8,-66.4995
54.81,-66.478
54.82,-66.4565
54.83,-66.4351
54.84,-66.4137
54.85,-66.3922
54.86,-66.3708
54.87,-66.3495
54.88,-66.3281
54.89,-66.3068
54.9,-66.2855
54.91,-66.2642
54.92,-66.2429
54.93,-66.2217
54.94,-66.2005
54.95,-66.1793
54.96,-66.1581
54.97,-66.1369
54.98,-66.1158
54.99,-66.0947
55,-66.0736
55.01,-66.0525
55.02,-66.0315
55.03,-66.0104
55.04,-65.9894
55.05,-65.9684
55.06,-65.9475
55.07,-65.9265
55.08,-65.9056
55.09,-65.8847
55.1,-65.8638
55.11,-65.8429
55.12,-65.8221
55.13,-65.8013
55.14,-65.7805
55.15,-65.7597
55.16,-65.7389
55.17,-65.7182
55.18,-65.6975
55.19,-65.6768
55.2,-65.6561
55.21,-65.6354
55.22,-65.6148
55.23,-65.5942
55.24,-65.5736
55.25,-65.553
55.26,-65.5325
55.27,-65.5119
55.28,-65.4914
55.29,-65.4709
55.3,-65.4505
55.31,-65.43
55.32,-65.4096
55.33,-65.3892
55.34,-65.3688
55.35,-65.3484
55.36,-65.3281
55.37,-65.3077
55.38,-65.2874
55.39,-65.2671
55.4,-65.2469
55.41,-65.2266
55.42,-65.2064
55.43,-65.1862
55.44,-65.166
55.45,-65.1458
55.46,-65.1257
55.47,-65.1056
55.48,-65.0855
55.49,-65.0654
55.5,-65.0453
55.51,-65.0253
55.52,-65.0053
55.53,-64.9852
55.54,-64.9653
55.55,-64.9453
55.56,-64.9253
55.57,-64.9054
55.58,-64.8855
55.59,-64.8656
55.6,-64.8458
55.61,-64.8259
55.62,-64.8061
55.63,-64.7863
55.64,-64.7665
55.65,-64.7467
55.66,-64.727
55.67,-64.7073
55.68,-64.6876
55.69,-64.6679
55.7,-64.6482
55.71,-64.6286
55.72,-64.6089
55.73,-64.5893
55.74,-64.5697
55.75,-64.5502
55.76,-64.5306
55.77,-64.5111
55.78,-64.4916
55.79,-64.4721
55.8,-64.4526
55.81,-64.4331
55.82,-64.4137
55.83,-64.3943
55.84,-64.3749
55.85,-64.3555
55.86,-64.3362
55.87,-64.3168
55.88,-64.2975
55.89,-64.2782
55.9,-64.2589
55.91,-64.2397
55.92,-64.2204
55.93,-64.2012
55.94,-64.182
55.95,-64.1628
55.96,-64.1437
55.97,-64.1245
55.98,-64.1054
55.99,-64.0863
56,-64.0672
56.01,-64.0482
56.02,-64.0291
56.03,-64.0101
56.04,-63.9911
56.05,-63.9721
56.06,-63.9531
56.07,-63.9342
56.08,-63.9152
56.09,-63.8963
56.1,-63.8774
56.11,-63.8585
56.12,-63.8397
56.13,-63.8208
56.14,-63.802
56.15,-63.7832
56.16,-63.7644
56.17,-63.7457
56.18,-63.7269
56.19,-63.7082
56.2,-63.6895
56.21,-63.6708
56.22,-63.6521
56.23,-63.6335
56.24,-63.6148
56.25,-63.5962
56.26,-63.5776
56.27,-63.559
56.28,-63.5405
56.29,-63.5219
56.3,-63.5034
56.31,-63.4849
56.32,-63.4664
56.33,-63.448
56.34,-63.4295
56.35,-63.4111
56.36,-63.3927
56.37,-63.3743
56.38,-63.3559
56.39,-63.3376
56.4,-63.3192
56.41,-63.3009
56.42,-63.2826
56.43,-63.2643
56.44,-63.2461
56.45,-63.2278
56.46,-63.2096
56.47,-63.1914
56.48,-63.1732
56.49,-63.155
56.5,-63.1368
56.51,-63.1187
56.52,-63.1006
56.53,-63.0825
56.54,-63.0644
56.55,-63.0463
56.56,-63.0283
56.57,-63.0103
56.58,-62.9923
56.59,-62.9743
56.6,-62.9563
56.61,-62.9383
56.62,-62.9204
56.63,-62.9025
56.64,-62.8846
56.65,-62.8667
56.66,-62.8488
56.67,-62.831
56.68,-62.8131
56.69,-62.7953
56.7,-62.7775
56.71,-62.7598
56.72,-62.742
56.73,-62.7243
56.74,-62.7065
56.75,-62.6888
56.76,-62.6711
56.77,-62.6535
56.78,-62.6358
56.79,-62.6182
56.8,-62.6006
56.81,-62.583
56.82,-62.5654
56.83,-62.5478
56.84,-62.5303
56.85,-62.5127
56.86,-62.4952
56.87,-62.4777
56.88,-62.4602
56.89,-62.4428
56.9,-62.4253
56.91,-62.4079
56.92,-62.3905
56.93,-62.3731
56.94,-62.3557
56.95,-62.3384
56.96,-62.3211
56.97,-62.3037
56.98,-62.2864
56.99,-62.2691
57,-62.2519
57.01,-62.2346
57.02,-62.2174
57.03,-62.2002
57.04,-62.183
57.05,-62.1658
57.06,-62.1486
57.07,-62.1315
57.08,-62.1143
57.09,-62.0972
57.1,-62.0801
57.11,-62.063
57.12,-62.046
57.13,-62.0289
57.14,-62.0119
57.15,-61.9949
57.16,-61.9779
57.17,-61.9609
57.18,-61.944
57.19,-61.927
57.2,-61.9101
57.21,-61.8932
57.22,-61.8763
57.23,-61.8594
57.24,-61.8426
57.25,-61.8257
57.26,-61.8089
57.27,-61.7921
57.28,-61.7753
57.29,-61.7585
57.3,-61.7418
57.31,-61.725
57.32,-61.7083
57.33,-61.6916
57.34,-61.6749
57.35,-61.6582
57.36,-61.6416
57.37,-61.6249
57.38,-61.6083
57.39,-61.5917
57.4,-61.5751
57.41,-61.5585
57.42,-61.542
57.43,-61.5254
57.44,-61.5089
57.45,-61.4924
57.46,-61.4759
57.47,-61.4594
57.48,-61.4429
57.49,-61.4265
57.5,-61.4101
57.51,-61.3937
57.52,-61.3773
57.53,-61.3609
57.54,-61.3445
57.55,-61.3282
57.56,-61.3119
57.57,-61.2956
57.58,-61.2793
57.59,-61.263
57.6,-61.2467
57.61,-61.2305
57.62,-61.2142
57.63,-61.198
57.64,-61.1818
57.65,-61.1656
57.66,-61.1495
57.67,-61.1333
57.68,-61.1172
57.69,-61.1011
57.7,-61.085
57.71,-61.0689
57.72,-61.0528
57.73,-61.0368
57.74,-61.0207
57.75,-61.0047
57.76,-60.9887
57.77,-60.9727
57.78,-60.9567
57.79,-60.9408
57.8,-60.9248
57.81,-60.9089
57.82,-60.893
57.83,-60.8771
57.84,-60.8612
57.85,-60.8454
57.86,-60.8295
57.87,-60.8137
57.88,-60.7979
57.89,-60.7821
57.9,-60.7663
57.91,-60.7505
57.92,-60.7348
57.93,-60.7191
57.94,-60.7033
57.95,-60.6876
57.96,-60.672
57.97,-60.6563
57.98,-60.6406
57.99,-60.625
58,-60.6094
58.01,-60.5937
58.02,-60.5782
58.03,-60.5626
58.04,-60.547
58.05,-60.5315
58.06,-60.5159
58.07,-60.5004
58.08,-60.4849
58.09,-60.4694
58.1,-60.454
58.11,-60.4385
58.12,-60.4231
58.13,-60.4077
58.14,-60.3922
58.15,-60.3769
58.16,-60.3615
58.17,-60.3461
58.18,-60.3308
58.19,-60.3154
58.2,-60.3001
58.21,-60.2848
58.22,-60.2695
58.23,-60.2543
58.24,-60.239
58.25,-60.2238
58.26,-60.2085
58.27,-60.1933
58.28,-60.1781
58.29,-60.163
58.3,-60.1478
58.31,-60.1327
58.32,-60.1175
58.33,-60.1024
58.34,-60.0873
58.35,-60.0722
58.36,-60.0571
58.37,-60.0421
58.38,-60.027
58.39,-60.012
58.4,-59.997
58.41,-59.982
58.42,-59.967
58.43,-59.9521
58.44,-59.9371
58.45,-59.9222
58.46,-59.9072
58.47,-59.8923
58.48,-59.8775
58.49,-59.8626
58.5,-59.8477
58.51,-59.8329
58.52,-59.818
58.53,-59.8032
58.54,-59.7884
58.55,-59.7736
58.56,-59.7588
58.57,-59.7441
58.58,-59.7293
58.59,-59.7146
58.6,-59.6999
58.61,-59.6852
58.62,-59.6705
58.63,-59.6558
58.64,-59.6412
58.65,-59.6265
58.66,-59.6119
58.67,-59.5973
58.68,-59.5827
58.69,-59.5681
58.7,-59.5536
58.71,-59.539
58.72,-59.5245
58.73,-59.5099
58.74,-59.4954
58.75,-59.4809
58.76,-59.4665
58.77,-59.452
58.78,-59.4375
58.79,-59.4231
58.8,-59.4087
58.81,-59.3943
58.82,-59.3799
58.83,-59.3655
58.84,-59.3511
58.85,-59.3368
58.86,-59.3224
58.87,-59.3081
58.88,-59.2938
58.89,-59.2795
58.9,-59.2652
58.91,-59.251
58.92,-59.2367
58.93,-59.2225
58.94,-59.2083
58.95,-59.1941
58.96,-59.1799
58.97,-59.1657
58.98,-59.1515
58.99,-59.1374
59,-59.1232
59.01,-59.1091
59.02,-59.095
59.03,-59.0809
59.04,-59.0668
59.05,-59.0528
59.06,-59.0387
59.07,-59.0247
59.08,-59.0106
59.09,-58.9966
59.1,-58.9826
59.11,-58.9686
59.12,-58.9547
59.13,-58.9407
59.14,-58.9268
59.15,-58.9129
59.16,-58.8989
59.17,-58.885
59.18,-58.8712
59.19,-58.8573
59.2,-58.8434
59.21,-58.8296
59.22,-58.8158
59.23,-58.8019
59.24,-58.7881
59.25,-58.7743
59.26,-58.7606
59.27,-58.7468
59.28,-58.7331
59.29,-58.7193
59.3,-58.7056
59.31,-58.6919
59.32,-58.6782
59.33,-58.6645
59.34,-58.6509
59.35,-58.6372
59.36,-58.6236
59.37,-58.61
59.38,-58.5964
59.39,-58.5828
59.4,-58.5692
59.41,-58.5556
59.42,-58.542
59.43,-58.5285
59.44,-58.515
59.45,-58.5015
59.46,-58.488
59.47,-58.4745
59.48,-58.461
59.49,-58.4475
59.5,-58.4341
59.51,-58.4207
59.52,-58.4072
59.53,-58.3938
59.54,-58.3804
59.55,-58.3671
59.56,-58.3537
59.57,-58.3403
59.58,-58.327
59.59,-58.3137
59.6,-58.3004
59.61,-58.2871
59.62,-58.2738
59.63,-58.2605
59.64,-58.2472
59.65,-58.234
59.66,-58.2208
59.67,-58.2075
59.68,-58.1943
59.69,-58.1811
59.7,-58.1679
59.71,-58.1548
59.72,-58.1416
59.73,-58.1285
59.74,-58.1154
59.75,-58.1022
59.76,-58.0891
59.77,-58.076
59.78,-58.063
59.79,-58.0499
59.8,-58.0369
59.81,-58.0238
59.82,-58.0108
59.83,-57.9978
59.84,-57.9848
59.85,-57.9718
59.86,-57.9588
59.87,-57.9459
59.88,-57.9329
59.89,-57.92
59.9,-57.9071
59.91,-57.8942
59.92,-57.8813
59.93,-57.8684
59.94,-57.8555
59.95,-57.8427
59.96,-57.8298
59.97,-57.817
59.98,-57.8042
59.99,-57.7914
60,-57.7786
60.01,-57.7658
60.02,-57.753
60.03,-57.7403
60.04,-57.7275
60.05,-57.7148
60.06,-57.7021
60.07,-57.6894
60.08,-57.6767
60.09,-57.664
60.1,-57.6514
60.11,-57.6387
60.12,-57.6261
60.13,-57.6135
60.14,-57.6008
60.15,-57.5882
60.16,-57.5757
60.17,-57.5631
60.18,-57.5505
60.19,-57.538
60.2,-57.5254
60.21,-57.5129
60.22,-57.5004
60.23,-57.4879
60.24,-57.4754
60.25,-57.4629
60.26,-57.4505
60.27,-57.438
60.28,-57.4256
60.29,-57.4131
60.3,-57.4007
60.31,-57.3883
60.32,-57.3759
60.33,-57.3636
60.34,-57.3512
60.35,-57.3389
60.36,-57.3265
60.37,-57.3142
60.38,-57.3019
60.39,-57.2896
60.4,-57.2773
60.41,-57.265
60.42,-57.2527
60.43,-57.2405
60.44,-57.2282
60.45,-57.216
60.46,-57.2038
60.47,-57.1916
60.48,-57.1794
60.49,-57.1672
60.5,-57.1551
60.51,-57.1429
60.52,-57.1308
60.53,-57.1186
60.54,-57.1065
60.55,-57.0944
60.56,-57.0823
60.57,-57.0702
60.58,-57.0582
60.59,-57.0461
60.6,-57.0341
60.61,-57.022
60.62,-57.01
60.63,-56.998
60.64,-56.986
60.65,-56.974
60.66,-56.962
60.67,-56.9501
60.68,-56.9381
60.69,-56.9262
60.7,-56.9143
60.71,-56.9023
60.72,-56.8904
60.73,-56.8785
60.74,-56.8667
60.75,-56.8548
60.76,-56.8429
60.77,-56.8311
60.78,-56.8193
60.79,-56.8075
60.8,-56.7956
60.81,-56.7839
60.82,-56.7721
60.83,-56.7603
60.84,-56.7485
60.85,-56.7368
60.86,-56.725
60.87,-56.7133
60.88,-56.7016
60.89,-56.6899
60.9,-56.6782
60.91,-56.6665
60.92,-56.6549
60.93,-56.6432
60.94,-56.6316
60.95,-56.6199
60.96,-56.6083
60.97,-56.5967
60.98,-56.5851
60.99,-56.5735
61,-56.562
61.01,-56.5504
61.02,-56.5388
61.03,-56.5273
61.04,-56.5158
61.05,-56.5043
61.06,-56.4928
61.07,-56.4813
61.08,-56.4698
61.09,-56.4583
61.1,-56.4469
61.11,-56.4354
61.12,-56.424
61.13,-56.4126
61.14,-56.4011
61.15,-56.3897
61.16,-56.3784
61.17,-56.367
61.18,-56.3556
61.19,-56.3443
61.2,-56.3329
61.21,-56.3216
61.22,-56.3103
61.23,-56.2989
61.24,-56.2876
61.25,-56.2764
61.26,-56.2651
61.27,-56.2538
61.28,-56.2426
61.29,-56.2313
61.3,-56.2201
61.31,-56.2089
61.32,-56.1977
61.33,-56.1865
61.34,-56.1753
61.35,-56.1641
61.36,-56.1529
61.37,-56.1418
61.38,-56.1306
61.39,-56.1195
61.4,-56.1084
61.41,-56.0973
61.42,-56.0862
61.43,-56.0751
61.44,-56.064
61.45,-56.053
61.46,-56.0419
61.47,-56.0309
61.48,-56.0198
61.49,-56.0088
61.5,-55.9978
61.51,-55.9868
61.52,-55.9758
61.53,-55.9648
61.54,-55.9539
61.55,-55.9429
61.56,-55.932
61.57,-55.921
61.58,-55.9101
61.59,-55.8992
61.6,-55.8883
61.61,-55.8774
61.62,-55.8666
61.63,-55.8557
61.64,-55.8448
61.65,-55.834
61.66,-55.8232
61.67,-55.8123
61.68,-55.8015
61.69,-55.7907
61.7,-55.7799
61.71,-55.7691
61.72,-55.7584
61.73,-55.7476
61.74,-55.7369
61.75,-55.7261
61.76,-55.7154
61.77,-55.7047
61.78,-55.694
61.79,-55.6833
61.8,-55.6726
61.81,-55.6619
61.82,-55.6513
61.83,-55.6406
61.84,-55.63
61.85,-55.6194
61.86,-55.6087
61.87,-55.5981
61.88,-55.5875
61.89,-55.5769
61.9,-55.5664
61.91,-55.5558
61.92,-55.5452
61.93,-55.5347
61.94,-55.5242
61.95,-55.5136
61.96,-55.5031
61.97,-55.4926
61.98,-55.4821
61.99,-55.4716
62,-55.4612
62.01,-55.4507
62.02,-55.4403
62.03,-55.4298
62.04,-55.4194
62.05,-55.409
62.06,-55.3986
62.07,-55.3882
62.08,-55.3778
62.09,-55.3674
62.1,-55.357
62.11,-55.3467
62.12,-55.3363
62.13,-55.326
62.14,-55.3157
62.15,-55.3053
62.16,-55.295
62.17,-55.2847
62.18,-55.2745
62.19,-55.2642
62.2,-55.2539
62.21,-55.2437
62.22,-55.2334
62.23,-55.2232
62.24,-55.213
62.25,-55.2028
62.26,-55.1926
62.27,-55.1824
62.28,-55.1722
62.29,-55.162
62.3,-55.1518
62.31,-55.1417
62.32,-55.1316
62.33,-55.1214
62.34,-55.1113
62.35,-55.1012
62.36,-55.0911
62.37,-55.081
62.38,-55.0709
62.39,-55.0608
62.4,-55.0508
62.41,-55.0407
62.42,-55.0307
62.43,-55.0207
62.44,-55.0106
62.45,-55.0006
62.46,30
62.47,-75
62.48,-75
62.49,-75
62.5,-75
62.51,-75
62.52,-75
62.53,-75
62.54,-75
62.55,-75
62.56,-75
62.57,-75
62.58,-74.97
62.59,-74.94
62.6,-74.9101
62.61,-74.8802
62.62,-74.8503
62.63,-74.8204
62.64,-74.7906
62.65,-74.7608
62.66,-74.7311
62.67,-74.7013
62.68,-74.6716
62.69,-74.642
62.7,-74.6123
62.71,-74.5827
62.72,-74.5531
62.73,-74.5236
62.74,-74.4941
62.75,-74.4646
62.76,-74.4351
62.77,-74.4057
62.78,-74.3763
62.79,-74.3469
62.8,-74.3175
62.81,-74.2882
62.82,-74.2589
62.83,-74.2297
62.84,-74.2004
62.85,-74.1712
62.86,-74.1421
62.87,-74.1129
62.88,-74.0838
62.89,-74.0547
62.9,-74.0257
62.91,-73.9967
62.92,-73.9677
62.93,-73.9387
62.94,-73.9097
62.95,-73.8808
62.96,-73.852
62.97,-73.8231
62.98,-73.7943
62.99,-73.7655
63,-73.7367
63.01,-73.708
63.02,-73.6793
63.03,-73.6506
63.04,-73.6219
63.05,-73.5933
63.06,-73.5647
63.07,-73.5362
63.08,-73.5076
63.09,-73.4791
63.1,-73.4506
63.11,-73.4222
63.12,-73.3938
63.13,-73.3654
63.14,-73.337
63.15,-73.3087
63.16,-73.2804
63.17,-73.2521
63.18,-73.2238
63.19,-73.1956
63.2,-73.1674
63.21,-73.1392
63.22,-73.1111
63.23,-73.083
63.24,-73.0549
63.25,-73.0269
63.26,-72.9988
63.27,-72.9708
63.28,-72.9429
63.29,-72.9149
63.3,-72.887
63.31,-72.8591
63.32,-72.8313
63.33,-72.8034
63.34,-72.7756
63.35,-72.7478
63.36,-72.7201
63.37,-72.6924
63.38,-72.6647
63.39,-72.637
63.4,-72.6094
63.41,-72.5818
63.42,-72.5542
63.43,-72.5266
63.44,-72.4991
63.45,-72.4716
63.46,-72.4441
63.47,-72.4167
63.48,-72.3893
63.49,-72.3619
63.5,-72.3345
63.51,-72.3072
63.52,-72.2799
63.53,-72.2526
63.54,-72.2254
63.55,-72.1981
63.56,-72.1709
63.57,-72.1438
63.58,-72.1166
63.59,-72.0895
63.6,-72.0624
63.61,-72.0354
63.62,-72.0083
63.63,-71.9813
63.64,-71.9543
63.65,-71.9274
63.66,-71.9004
63.67,-71.8735
63.68,-71.8467
63.69,-71.8198
63.7,-71.793
63.71,-71.7662
63.72,-71.7394
63.73,-71.7127
63.74,-71.686
63.75,-71.6593
63.76,-71.6326
63.77,-71.606
63.78,-71.5794
63.79,-71.5528
63.8,-71.5263
63.81,-71.4998
63.82,-71.4733
63.83,-71.4468
63.84,-71.4203
63.85,-71.3939
63.86,-71.3675
63.87,-71.3411
63.88,-71.3148
63.89,-71.2885
63.9,-71.2622
63.91,-71.2359
63.92,-71.2097
63.93,-71.1835
63.94,-71.1573
63.95,-71.1312
63.96,-71.105
63.97,-71.0789
63.98,-71.0528
63.99,-71.0268
64,-71.0008
64.01,-70.9748
64.02,-70.9488
64.03,-70.9228
64.04,-70.8969
64.05,-70.871
64.06,-70.8451
64.07,-70.8193
64.08,-70.7935
64.09,-70.7677
64.1,-70.7419
64.11,-70.7162
64.12,-70.6905
64.13,-70.6648
64.14,-70.6391
64.15,-70.6135
64.16,-70.5879
64.17,-70.5623
64.18,-70.5367
64.19,-70.5112
64.2,-70.4857
64.21,-70.4602
64.22,-70.4347
64.23,-70.4093
64.24,-70.3839
64.25,-70.3585
64.26,-70.3331
64.27,-70.3078
64.28,-70.2825
64.29,-70.2572
64.3,-70.2319
64.31,-70.2067
64.32,-70.1815
64.33,-70.1563
64.34,-70.1312
64.35,-70.106
64.36,-70.0809
64.37,-70.0558
64.38,-70.0308
64.39,-70.0058
64.4,-69.9808
64.41,-69.9558
64.42,-69.9308
64.43,-69.9059
64.44,-69.881
64.45,-69.8561
64.46,-69.8312
64.47,-69.8064
64.48,-69.7816
64.49,-69.7568
64.5,-69.7321
64.51,-69.7073
64.52,-69.6826
64.53,-69.6579
64.54,-69.6333
64.55,-69.6087
64.56,-69.584
64.57,-69.5595
64.58,-69.5349
64.59,-69.5104
64.6,-69.4859
64.61,-69.4614
64.62,-69.4369
64.63,-69.4125
64.64,-69.3881
64.65,-69.3637
64.66,-69.3393
64.67,-69.315
64.68,-69.2907
64.69,-69.2664
64.7,-69.2421
64.71,-69.2179
64.72,-69.1936
64.73,-69.1694
64.74,-69.1453
64.75,-69.1211
64.76,-69.097
64.77,-69.0729
64.78,-69.0488
64.79,-69.0248
64.8,-69.0008
64.81,-68.9768
64.82,-68.9528
64.83,-68.9288
64.84,-68.9049
64.85,-68.881
64.86,-68.8571
64.87,-68.8333
64.88,-68.8094
64.89,-68.7856
64.9,-68.7618
64.91,-68.7381
64.92,-68.7143
64.93,-68.6906
64.94,-68.6669
64.95,-68.6433
64.96,-68.6196
64.97,-68.596
64.98,-68.5724
64.99,-68.5488
65,-68.5253
65.01,-68.5018
65.02,-68.4783
65.03,-68.4548
65.04,-68.4313
65.05,-68.4079
65.06,-68.3845
65.07,-68.3611
65.08,-68.3377
65.09,-68.3144
65.1,-68.2911
65.11,-68.2678
65.12,-68.2445
65.13,-68.2213
65.14,-68.1981
65.15,-68.1749
65.16,-68.1517
65.17,-68.1285
65.18,-68.1054
65.19,-68.0823
65.2,-68.0592
65.21,-68.0362
65.22,-68.0131
65.23,-67.9901
65.24,-67.9671
65.25,-67.9442
65.26,-67.9212
65.27,-67.8983
65.28,-67.8754
65.29,-67.8525
65.3,-67.8297
65.31,-67.8068
65.32,-67.784
65.33,-67.7612
65.34,-67.7385
65.35,-67.7157
65.36,-67.693
65.37,-67.6703
65.38,-67.6477
65.39,-67.625
65.4,-67.6024
65.41,-67.5798
65.42,-67.5572
65.43,-67.5347
65.44,-67.5121
65.45,-67.4896
65.46,-67.4671
65.47,-67.4447
65.48,-67.4222
65.49,-67.3998
65.5,-67.3774
65.51,-67.355
65.52,-67.3327
65.53,-67.3103
65.54,-67.288
65.55,-67.2657
65.56,-67.2435
65.57,-67.2212
65.58,-67.199
65.59,-67.1768
65.6,-67.1546
65.61,-67.1325
65.62,-67.1103
65.63,-67.0882
65.64,-67.0661
65.65,-67.0441
65.66,-67.022
65.67,-67
65.68,-66.978
65.69,-66.956
65.7,-66.9341
65.71,-66.9121
65.72,-66.8902
65.73,-66.8683
65.74,-66.8465
65.75,-66.8246
65.76,-66.8028
65.77,-66.781
65.78,-66.7592
65.79,-66.7374
65.8,-66.7157
65.81,-66.694
65.82,-66.6723
65.83,-66.6506
65.84,-66.629
65.85,-66.6073
65.86,-66.5857
65.87,-66.5642
65.88,-66.5426
65.89,-66.521
65.9,-66.4995
65.91,-66.478
65.92,-66.4565
65.93,-66.4351
65.94,-66.4137
65.95,-66.3922
65.96,-66.3708
65.97,-66.3495
65.98,-66.3281
65.99,-66.3068
66,-66.2855
66.01,-66.2642
66.02,-66.2429
66.03,-66.2217
66.04,-66.2005
66.05,-66.1793
66.06,-66.1581
66.07,-66.1369
66.08,-66.1158
66.09,-66.0947
66.1,-66.0736
66.11,-66.0525
66.12,-66.0315
66.13,-66.0104
66.14,-65.9894
66.15,-65.9684
66.16,-65.9475
66.17,-65.9265
66.18,-65.9056
66.19,-65.8847
66.2,-65.8638
66.21,-65.8429
66.22,-65.8221
66.23,-65.8013
66.24,-65.7805
66.25,-65.7597
66.26,-65.7389
66.27,-65.7182
66.28,-65.6975
66.29,-65.6768
66.3,-65.6561
66.31,-65.6354
66.32,-65.6148
66.33,-65.5942
66.34,-65.5736
66.35,-65.553
66.36,-65.5325
66.37,-65.5119
66.38,-65.4914
66.39,-65.4709
66.4,-65.4505
66.41,-65.43
66.42,-65.4096
66.43,-65.3892
66.44,-65.3688
66.45,-65.3484
66.46,-65.3281
66.47,-65.3077
66.48,-65.2874
66.49,-65.2671
66.5,-65.2469
66.51,-65.2266
66.52,-65.2064
66.53,-65.1862
66.54,-65.166
66.55,-65.1458
66.56,-65.1257
66.57,-65.1056
66.58,-65.0855
66.59,-65.0654
66.6,-65.0453
66.61,-65.0253
66.62,-65.0053
66.63,-64.9852
66.64,-64.9653
66.65,-64.9453
66.66,-64.9253
66.67,-64.9054
66.68,-64.8855
66.69,-64.8656
66.7,-64.8458
66.71,-64.8259
66.72,-64.8061
66.73,-64.7863
66.74,-64.7665
66.75,-64.7467
66.76,-64.727
66.77,-64.7073
66.78,-64.6876
66.79,-64.6679
66.8,-64.6482
66.81,-64.6286
66.82,-64.6089
66.83,-64.5893
66.84,-64.5697
66.85,-64.5502
66.86,-64.5306
66.87,-64.5111
66.88,-64.4916
66.89,-64.4721
66.9,-64.4526
66.91,-64.4331
66.92,-64.4137
66.93,-64.3943
66.94,-64.3749
66.95,-64.3555
66.96,-64.3362
66.97,-64.3168
66.98,-64.2975
66.99,-64.2782
67,-64.2589
67.01,-64.2397
67.02,-64.2204
67.03,-64.2012
67.04,-64.182
67.05,-64.1628
67.06,-64.1437
67.07,-64.1245
67.08,-64.1054
67.09,-64.0863
67.1,-64.0672
67.11,-64.0482
67.12,-64.0291
67.13,-64.0101
67.14,-63.9911
67.15,-63.9721
67.16,-63.9531
67.17,-63.9342
67.18,-63.9152
67.19,-63.8963
67.2,-63.8774
67.21,-63.8585
67.22,-63.8397
67.23,-63.8208
67.24,-63.802
67.25,-63.7832
67.26,-63.7644
67.27,-63.7457
67.28,-63.7269
67.29,-63.7082
67.3,-63.6895
67.31,-63.6708
67.32,-63.6521
67.33,-63.6335
67.34,-63.6148
67.35,-63.5962
67.36,-63.5776
67.37,-63.559
67.38,-63.5405
67.39,-63.5219
67.4,-63.5034
67.41,-63.4849
67.42,-63.4664
67.43,-63.448
67.44,-63.4295
67.45,-63.4111
67.46,-63.3927
67.47,-63.3743
67.48,-63.3559
67.49,-63.3376
67.5,-63.3192
67.51,-63.3009
67.52,-63.2826
67.53,-63.2643
67.54,-63.2461
67.55,-63.2278
67.56,-63.2096
67.57,-63.1914
67.58,-63.1732
67.59,-63.155
67.6,-63.1368
67.61,-63.1187
67.62,-63.1006
67.63,-63.0825
67.64,-63.0644
67.65,-63.0463
67.66,-63.0283
67.67,-63.0103
67.68,-62.9923
67.69,-62.9743
67.7,-62.9563
67.71,-62.9383
67.72,-62.9204
67.73,-62.9025
67.74,-62.8846
67.75,-62.8667
67.76,-62.8488
67.77,-62.831
67.78,-62.8131
67.79,-62.7953
67.8,-62.7775
67.81,-62.7598
67.82,-62.742
67.83,-62.7243
67.84,-62.7065
67.85,-62.6888
67.86,-62.6711
67.87,-62.6535
67.88,-62.6358
67.89,-62.6182
67.9,-62.6006
67.91,-62.583
67.92,-62.5654
67.93,-62.5478
67.94,-62.5303
67.95,-62.5127
67.96,-62.4952
67.97,-62.4777
67.98,-62.4602
67.99,-62.4428
68,-62.4253
68.01,-62.4079
68.02,-62.3905
68.03,-62.3731
68.04,-62.3557
68.05,-62.3384
68.06,-62.3211
68.07,-62.3037
68.08,-62.2864
68.09,-62.2691
68.1,-62.2519
68.11,-62.2346
68.12,-62.2174
68.13,-62.2002
68.14,-62.183
68.15,-62.1658
68.16,-62.1486
68.17,-62.1315
68.18,-62.1143
68.19,-62.0972
68.2,-62.0801
68.21,-62.063
68.22,-62.046
68.23,-62.0289
68.24,-62.0119
68.25,-61.9949
68.26,-61.9779
68.27,-61.9609
68.28,-61.944
68.29,-61.927
68.3,-61.9101
68.31,-61.8932
68.32,-61.8763
68.33,-61.8594
68.34,-61.8426
68.35,-61.8257
68.36,-61.8089
68.37,-61.7921
68.38,-61.7753
68.39,-61.7585
68.4,-61.7418
68.41,-61.725
68.42,-61.7083
68.43,-61.6916
68.44,-61.6749
68.45,-61.6582
68.46,-61.6416
68.47,-61.6249
68.48,-61.6083
68.49,-61.5917
68.5,-61.5751
68.51,-61.5585
68.52,-61.542
68.53,-61.5254
68.54,-61.5089
68.55,-61.4924
68.56,-61.4759
68.57,-61.4594
68.58,-61.4429
68.59,-61.4265
68.6,-61.4101
68.61,-61.3937
68.62,-61.3773
68.63,-61.3609
68.64,-61.3445
68.65,-61.3282
68.66,-61.3119
68.67,-61.2956
68.68,-61.2793
68.69,-61.263
68.7,-61.2467
68.71,-61.2305
68.72,-61.2142
68.73,-61.198
68.74,-61.1818
68.75,-61.1656
68.76,-61.1495
68.77,-61.1333
68.78,-61.1172
68.79,-61.1011
68.8,-61.085
68.81,-61.0689
68.82,-61.0528
68.83,-61.0368
68.84,-61.0207
68.85,-61.0047
68.86,-60.9887
68.87,-60.9727
68.88,-60.9567
68.89,-60.9408
68.9,-60.9248
68.91,-60.9089
68.92,-60.893
68.93,-60.8771
68.94,-60.8612
68.95,-60.8454
68.96,-60.8295
68.97,-60.8137
68.98,-60.7979
68.99,-60.7821
69,-60.7663
69.01,-60.7505
69.02,-60.7348
69.03,-60.7191
69.04,-60.7033
69.05,-60.6876
69.06,-60.672
69.07,-60.6563
69.08,-60.6406
69.09,-60.625
69.1,-60.6094
69.11,-60.5937
69.12,-60.5782
69.13,-60.5626
69.14,-60.547
69.15,-60.5315
69.16,-60.5159
69.17,-60.5004
69.18,-60.4849
69.19,-60.4694
69.2,-60.454
69.21,-60.4385
69.22,-60.4231
69.23,-60.4077
69.24,-60.3922
69.25,-60.3769
69.26,-60.3615
69.27,-60.3461
69.28,-60.3308
69.29,-60.3154
69.3,-60.3001
69.31,-60.2848
69.32,-60.2695
69.33,-60.2543
69.34,-60.239
69.35,-60.2238
69.36,-60.2085
69.37,-60.1933
69.38,-60.1781
69.39,-60.163
69.4,-60.1478
69.41,-60.1327
69.42,-60.1175
69.43,-60.1024
69.44,-60.0873
69.45,-60.0722
69.46,-60.0571
69.47,-60.0421
69.48,-60.027
69.49,-60.012
69.5,-59.997
69.51,-59.982
69.52,-59.967
69.53,-59.9521
69.54,-59.9371
69.55,-59.9222
69.56,-59.9072
69.57,-59.8923
69.58,-59.8775
69.59,-59.8626
69.6,-59.8477
69.61,-59.8329
69.62,-59.818
69.63,-59.8032
69.64,-59.7884
69.65,-59.7736
69.66,-59.7588
69.67,-59.7441
69.68,-59.7293
69.69,-59.7146
69.7,-59.6999
69.71,-59.6852
69.72,-59.6705
69.73,-59.6558
69.74,-59.6412
69.75,-59.6265
69.76,-59.6119
69.77,-59.5973
69.78,-59.5827
69.79,-59.5681
69.8,-59.5536
69.81,-59.539
69.82,-59.5245
69.83,-59.5099
69.84,-59.4954
69.85,-59.4809
69.86,-59.4665
69.87,-59.452
69.88,-59.4375
69.89,-59.4231
69.9,-59.4087
69.91,-59.3943
69.92,-59.3799
69.93,-59.3655
69.94,-59.3511
69.95,-59.3368
69.96,-59.3224
69.97,-59.3081
69.98,-59.2938
69.99,-59.2795
70,-59.2652
70.01,-59.251
70.02,-59.2367
70.03,-59.2225
70.04,-59.2083
70.05,-59.1941
70.06,-59.1799
70.07,-59.1657
70.08,-59.1515
70.09,-59.1374
70.1,-59.1232
70.11,-59.1091
70.12,-59.095
70.13,-59.0809
70.14,-59.0668
70.15,-59.0528
70.16,-59.0387
70.17,-59.0247
70.18,-59.0106
70.19,-58.9966
70.2,-58.9826
70.21,-58.9686
70.22,-58.9547
70.23,-58.9407
70.24,-58.9268
70.25,-58.9129
70.26,-58.8989
70.27,-58.885
70.28,-58.8712
70.29,-58.8573
70.3,-58.8434
70.31,-58.8296
70.32,-58.8158
70.33,-58.8019
70.34,-58.7881
70.35,-58.7743
70.36,-58.7606
70.37,-58.7468
70.38,-58.7331
70.39,-58.7193
70.4,-58.7056
70.41,-58.6919
70.42,-58.6782
70.43,-58.6645
70.44,-58.6509
70.45,-58.6372
70.46,-58.6236
70.47,-58.61
70.48,-58.5964
70.49,-58.5828
70.5,-58.5692
70.51,-58.5556
70.52,-58.542
70.53,-58.5285
70.54,-58.515
70.55,-58.5015
70.56,-58.488
70.57,-58.4745
70.58,-58.461
70.59,-58.4475
70.6,-58.4341
70.61,-58.4207
70.62,-58.4072
70.63,-58.3938
70.64,-58.3804
70.65,-58.3671
70.66,-58.3537
70.67,-58.3403
70.68,-58.327
70.69,-58.3137
70.7,-58.3004
70.71,-58.2871
70.72,-58.2738
70.73,-58.2605
70.74,-58.2472
70.75,-58.234
70.76,-58.2208
70.77,-58.2075
70.78,-58.1943
70.79,-58.1811
70.8,-58.1679
70.81,-58.1548
70.82,-58.1416
70.83,-58.1285
70.84,-58.1154
70.85,-58.1022
70.86,-58.0891
70.87,-58.076
70.88,-58.063
70.89,-58.0499
70.9,-58.0369
70.91,-58.0238
70.92,-58.0108
70.93,-57.9978
70.94,-57.9848
70.95,-57.9718
70.96,-57.9588
70.97,-57.9459
70.98,-57.9329
70.99,-57.92
71,-57.9071
71.01,-57.8942
71.02,-57.8813
71.03,-57.8684
71.04,-57.8555
71.05,-57.8427
71.06,-57.8298
71.07,-57.817
71.08,-57.8042
71.09,-57.7914
71.1,-57.7786
71.11,-57.7658
71.12,-57.753
71.13,-57.7403
71.14,-57.7275
71.15,-57.7148
71.16,-57.7021
71.17,-57.6894
71.18,-57.6767
71.19,-57.664
71.2,-57.6514
71.21,-57.6387
71.22,-57.6261
71.23,-57.6135
71.24,-57.6008
71.25,-57.5882
71.26,-57.5757
71.27,-57.5631
71.28,-57.5505
71.29,-57.538
71.3,-57.5254
71.31,-57.5129
71.32,-57.5004
71.33,-57.4879
71.34,-57.4754
71.35,-57.4629
71.36,-57.4505
71.37,-57.438
71.38,-57.4256
71.39,-57.4131
71.4,-57.4007
71.41,-57.3883
71.42,-57.3759
71.43,-57.3636
71.44,-57.3512
71.45,-57.3389
71.46,-57.3265
71.47,-57.3142
71.48,-57.3019
71.49,-57.2896
71.5,-57.2773
71.51,-57.265
71.52,-57.2527
71.53,-57.2405
71.54,-57.2282
71.55,-57.216
71.56,-57.2038
71.57,-57.1916
71.58,-57.1794
71.59,-57.1672
71.6,-57.1551
71.61,-57.1429
71.62,-57.1308
71.63,-57.1186
71.64,-57.1065
71.65,-57.0944
71.66,-57.0823
71.67,-57.0702
71.68,-57.0582
71.69,-57.0461
71.7,-57.0341
71.71,-57.022
71.72,-57.01
71.73,-56.998
71.74,-56.986
71.75,-56.974
71.76,-56.962
71.77,-56.9501
71.78,-56.9381
71.79,-56.9262
71.8,-56.9143
71.81,-56.9023
71.82,-56.8904
71.83,-56.8785
71.84,-56.8667
71.85,-56.8548
71.86,-56.8429
71.87,-56.8311
71.88,-56.8193
71.89,-56.8075
71.9,-56.7956
71.91,-56.7839
71.92,-56.7721
71.93,-56.7603
71.94,-56.7485
71.95,-56.7368
71.96,-56.725
71.97,-56.7133
71.98,-56.7016
71.99,-56.6899
72,-56.6782
72.01,-56.6665
72.02,-56.6549
72.03,-56.6432
72.04,-56.6316
72.05,-56.6199
72.06,-56.6083
72.07,-56.5967
72.08,-56.5851
72.09,-56.5735
72.1,-56.562
72.11,-56.5504
72.12,-56.5388
72.13,-56.5273
72.14,-56.5158
72.15,-56.5043
72.16,-56.4928
72.17,-56.4813
72.18,-56.4698
72.19,-56.4583
72.2,-56.4469
72.21,-56.4354
72.22,-56.424
72.23,-56.4126
72.24,-56.4011
72.25,-56.3897
72.26,-56.3784
72.27,-56.367
72.28,-56.3556
72.29,-56.3443
72.3,-56.3329
72.31,-56.3216
72.32,-56.3103
72.33,-56.2989
72.34,-56.2876
72.35,-56.2764
72.36,-56.2651
72.37,-56.2538
72.38,-56.2426
72.39,-56.2313
72.4,-56.2201
72.41,-56.2089
72.42,-56.1977
72.43,-56.1865
72.44,-56.1753
72.45,-56.1641
72.46,-56.1529
72.47,-56.1418
72.48,-56.1306
72.49,-56.1195
72.5,-56.1084
72.51,-56.0973
72.52,-56.0862
72.53,-56.0751
72.54,-56.064
72.55,-56.053
72.56,-56.0419
72.57,-56.0309
72.58,-56.0198
72.59,-56.0088
72.6,-55.9978
72.61,-55.9868
72.62,-55.9758
72.63,-55.9648
72.64,-55.9539
72.65,-55.9429
72.66,-55.932
72.67,-55.921
72.68,-55.9101
72.69,-55.8992
72.7,-55.8883
72.71,-55.8774
72.72,-55.8666
72.73,-55.8557
72.74,-55.8448
72.75,-55.834
72.76,-55.8232
72.77,-55.8123
72.78,-55.8015
72.79,-55.7907
72.8,-55.7799
72.81,-55.7691
72.82,-55.7584
72.83,-55.7476
72.84,-55.7369
72.85,-55.7261
72.86,-55.7154
72.87,-55.7047
72.88,-55.694
72.89,-55.6833
72.9,-55.6726
72.91,-55.6619
72.92,-55.6513
72.93,-55.6406
72.94,-55.63
72.95,-55.6194
72.96,-55.6087
72.97,-55.5981
72.98,-55.5875
72.99,-55.5769
73,-55.5664
73.01,-55.5558
73.02,-55.5452
73.03,-55.5347
73.04,-55.5242
73.05,-55.5136
73.06,-55.5031
73.07,-55.4926
73.08,-55.4821
73.09,-55.4716
73.1,-55.4612
73.11,-55.4507
73.12,-55.4403
73.13,-55.4298
73.14,-55.4194
73.15,-55.409
73.16,-55.3986
73.17,-55.3882
73.18,-55.3778
73.19,-55.3674
73.2,-55.357
73.21,-55.3467
73.22,-55.3363
73.23,-55.326
73.24,-55.3157
73.25,-55.3053
73.26,-55.295
73.27,-55.2847
73.28,-55.2745
73.29,-55.2642
73.3,-55.2539
73.31,-55.2437
73.32,-55.2334
73.33,-55.2232
73.34,-55.213
73.35,-55.2028
73.36,-55.1926
73.37,-55.1824
73.38,-55.1722
73.39,-55.162
73.4,-55.1518
73.41,-55.1417
73.42,-55.1316
73.43,-55.1214
73.44,-55.1113
73.45,-55.1012
73.46,-55.0911
73.47,-55.081
73.48,-55.0709
73.49,-55.0608
73.5,-55.0508
73.51,-55.0407
73.52,-55.0307
73.53,-55.0207
73.54,-55.0106
73.55,-55.0006
73.56,30
73.57,-75
73.58,-75
73.59,-75
73.6,-75
73.61,-75
73.62,-75
73.63,-75
73.64,-75
73.65,-75
73.66,-75
73.67,-75
73.68,-74.97
73.69,-74.94
73.7,-74.9101
73.71,-74.8802
73.72,-74.8503
73.73,-74.8204
73.74,-74.7906
73.75,-74.7608
73.76,-74.7311
73.77,-74.7013
73.78,-74.6716
73.79,-74.642
73.8,-74.6123
73.81,-74.5827
73.82,-74.5531
73.83,-74.5236
73.84,-74.4941
73.85,-74.4646
73.86,-74.4351
73.87,-74.4057
73.88,-74.3763
73.89,-74.3469
73.9,-74.3175
73.91,-74.2882
73.92,-74.2589
73.93,-74.2297
73.94,-74.2004
73.95,-74.1712
73.96,-74.1421
73.97,-74.1129
73.98,-74.0838
73.99,-74.0547
74,-74.0257
74.01,-73.9967
74.02,-73.9677
74.03,-73.9387
74.04,-73.9097
74.05,-73.8808
74.06,-73.852
74.07,-73.8231
74.08,-73.7943
74.09,-73.7655
74.1,-73.7367
74.11,-73.708
74.12,-73.6793
74.13,-73.6506
74.14,-73.6219
74.15,-73.5933
74.16,-73.5647
74.17,-73.5362
74.18,-73.5076
74.19,-73.4791
74.2,-73.4506
74.21,-73.4222
74.22,-73.3938
74.23,-73.3654
74.24,-73.337
74.25,-73.3087
74.26,-73.2804
74.27,-73.2521
74.28,-73.2238
74.29,-73.1956
74.3,-73.1674
74.31,-73.1392
74.32,-73.1111
74.33,-73.083
74.34,-73.0549
74.35,-73.0269
74.36,-72.9988
74.37,-72.9708
74.38,-72.9429
74.39,-72.9149
74.4,-72.887
74.41,-72.8591
74.42,-72.8313
74.43,-72.8034
74.44,-72.7756
74.45,-72.7478
74.46,-72.7201
74.47,-72.6924
74.48,-72.6647
74.49,-72.637
74.5,-72.6094
74.51,-72.5818
74.52,-72.5542
74.53,-72.5266
74.54,-72.4991
74.55,-72.4716
74.56,-72.4441
74.57,-72.4167
74.58,-72.3893
74.59,-72.3619
74.6,-72.3345
74.61,-72.3072
74.62,-72.2799
74.63,-72.2526
74.64,-72.2254
74.65,-72.1981
74.66,-72.1709
74.67,-72.1438
74.68,-72.1166
74.69,-72.0895
74.7,-72.0624
74.71,-72.0354
74.72,-72.0083
74.73,-71.9813
74.74,-71.9543
74.75,-71.9274
74.76,-71.9004
74.77,-71.8735
74.78,-71.8467
74.79,-71.8198
74.8,-71.793
74.81,-71.7662
74.82,-71.7394
74.83,-71.7127
74.84,-71.686
74.85,-71.6593
74.86,-71.6326
74.87,-71.606
74.88,-71.5794
74.89,-71.5528
74.9,-71.5263
74.91,-71.4998
74.92,-71.4733
74.93,-71.4468
74.94,-71.4203
74.95,-71.3939
74.96,-71.3675
74.97,-71.3411
74.98,-71.3148
74.99,-71.2885
75,-71.2622
75.01,-71.2359
75.02,-71.2097
75.03,-71.1835
75.04,-71.1573
75.05,-71.1312
75.06,-71.105
75.07,-71.0789
75.08,-71.0528
75.09,-71.0268
75.1,-71.0008
75.11,-70.9748
75.12,-70.9488
75.13,-70.9228
75.14,-70.8969
75.15,-70.871
75.16,-70.8451
75.17,-70.8193
75.18,-70.7935
75.19,-70.7677
75.2,-70.7419
75.21,-70.7162
75.22,-70.6905
75.23,-70.6648
75.24,-70.6391
75.25,-70.6135
75.26,-70.5879
75.27,-70.5623
75.28,-70.5367
75.29,-70.5112
75.3,-70.4857
75.31,-70.4602
75.32,-70.4347
75.33,-70.4093
75.34,-70.3839
75.35,-70.3585
75.36,-70.3331
75.37,-70.3078
75.38,-70.2825
75.39,-70.2572
75.4,-70.2319
75.41,-70.2067
75.42,-70.1815
75.43,-70.1563
75.44,-70.1312
75.45,-70.106
75.46,-70.0809
75.47,-70.0558
75.48,-70.0308
75.49,-70.0058
75.5,-69.9808
75.51,-69.9558
75.52,-69.9308
75.53,-69.9059
75.54,-69.881
75.55,-69.8561
75.56,-69.8312
75.57,-69.8064
75.58,-69.7816
75.59,-69.7568
75.6,-69.7321
75.61,-69.7073
75.62,-69.6826
75.63,-69.6579
75.64,-69.6333
75.65,-69.6087
75.66,-69.584
75.67,-69.5595
75.68,-69.5349
75.69,-69.5104
75.7,-69.4859
75.71,-69.4614
75.72,-69.4369
75.73,-69.4125
75.74,-69.3881
75.75,-69.3637
75.76,-69.3393
75.77,-69.315
75.78,-69.2907
75.79,-69.2664
75.8,-69.2421
75.81,-69.2179
75.82,-69.1936
75.83,-69.1694
75.84,-69.1453
75.85,-69.1211
75.86,-69.097
75.87,-69.0729
75.88,-69.0488
75.89,-69.0248
75.9,-69.0008
75.91,-68.9768
75.92,-68.9528
75.93,-68.9288
75.94,-68.9049
75.95,-68.881
75.96,-68.8571
75.97,-68.8333
75.98,-68.8094
75.99,-68.7856
76,-68.7618
76.01,-68.7381
76.02,-68.7143
76.03,-68.6906
76.04,-68.6669
76.05,-68.6433
76.06,-68.6196
76.07,-68.596
76.08,-68.5724
76.09,-68.5488
76.1,-68.5253
76.11,-68.5018
76.12,-68.4783
76.13,-68.4548
76.14,-68.4313
76.15,-68.4079
76.16,-68.3845
76.17,-68.3611
76.18,-68.3377
76.19,-68.3144
76.2,-68.2911
76.21,-68.2678
76.22,-68.2445
76.23,-68.2213
76.24,-68.1981
76.25,-68.1749
76.26,-68.1517
76.27,-68.1285
76.28,-68.1054
76.29,-68.0823
76.3,-68.0592
76.31,-68.0362
76.32,-68.0131
76.33,-67.9901
76.34,-67.9671
76.35,-67.9442
76.36,-67.9212
76.37,-67.8983
76.38,-67.8754
76.39,-67.8525
76.4,-67.8297
76.41,-67.8068
76.42,-67.784
76.43,-67.7612
76.44,-67.7385
76.45,-67.7157
76.46,-67.693
76.47,-67.6703
76.48,-67.6477
76.49,-67.625
76.5,-67.6024
76.51,-67.5798
76.52,-67.5572
76.53,-67.5347
76.54,-67.5121
76.55,-67.4896
76.56,-67.4671
76.57,-67.4447
76.58,-67.4222
76.59,-67.3998
76.6,-67.3774
76.61,-67.355
76.62,-67.3327
76.63,-67.3103
76.64,-67.288
76.65,-67.2657
76.66,-67.2435
76.67,-67.2212
76.68,-67.199
76.69,-67.1768
76.7,-67.1546
76.71,-67.1325
76.72,-67.1103
76.73,-67.0882
76.74,-67.0661
76.75,-67.0441
76.76,-67.022
76.77,-67
76.78,-66.978
76.79,-66.956
76.8,-66.9341
76.81,-66.9121
76.82,-66.8902
76.83,-66.8683
76.84,-66.8465
76.85,-66.8246
76.86,-66.8028
76.87,-66.781
76.88,-66.7592
76.89,-66.7374
76.9,-66.7157
76.91,-66.694
76.92,-66.6723
76.93,-66.6506
76.94,-66.629
76.95,-66.6073
76.96,-66.5857
76.97,-66.5642
76.98,-66.5426
76.99,-66.521
77,-66.4995
77.01,-66.478
77.02,-66.4565
77.03,-66.4351
77.04,-66.4137
77.05,-66.3922
77.06,-66.3708
77.07,-66.3495
77.08,-66.3281
77.09,-66.3068
77.1,-66.2855
77.11,-66.2642
77.12,-66.2429
77.13,-66.2217
77.14,-66.2005
77.15,-66.1793
77.16,-66.1581
77.17,-66.1369
77.18,-66.1158
77.19,-66.0947
77.2,-66.0736
77.21,-66.0525
77.22,-66.0315
77.23,-66.0104
77.24,-65.9894
77.25,-65.9684
77.26,-65.9475
77.27,-65.9265
77.28,-65.9056
77.29,-65.8847
77.3,-65.8638
77.31,-65.8429
77.32,-65.8221
77.33,-65.8013
77.34,-65.7805
77.35,-65.7597
77.36,-65.7389
77.37,-65.7182
77.38,-65.6975
77.39,-65.6768
77.4,-65.6561
77.41,-65.6354
77.42,-65.6148
77.43,-65.5942
77.44,-65.5736
77.45,-65.553
77.46,-65.5325
77.47,-65.5119
77.48,-65.4914
77.49,-65.4709
77.5,-65.4505
77.51,-65.43
77.52,-65.4096
77.53,-65.3892
77.54,-65.3688
77.55,-65.3484
77.56,-65.3281
77.57,-65.3077
77.58,-65.2874
77.59,-65.2671
77.6,-65.2469
77.61,-65.2266
77.62,-65.2064
77.63,-65.1862
77.64,-65.166
77.65,-65.1458
77.66,-65.1257
77.67,-65.1056
77.68,-65.0855
77.69,-65.0654
77.7,-65.0453
77.71,-65.0253
77.72,-65.0053
77.73,-64.9852
77.74,-64.9653
77.75,-64.9453
77.76,-64.9253
77.77,-64.9054
77.78,-64.8855
77.79,-64.8656
77.8,-64.8458
77.81,-64.8259
77.82,-64.8061
77.83,-64.7863
77.84,-64.7665
77.85,-64.7467
77.86,-64.727
77.87,-64.7073
77.88,-64.6876
77.89,-64.6679
77.9,-64.6482
77.91,-64.6286
77.92,-64.6089
77.93,-64.5893
77.94,-64.5697
77.95,-64.5502
77.96,-64.5306
77.97,-64.5111
77.98,-64.4916
77.99,-64.4721
78,-64.4526
78.01,-64.4331
78.02,-64.4137
78.03,-64.3943
78.04,-64.3749
78.05,-64.3555
78.06,-64.3362
78.07,-64.3168
78.08,-64.2975
78.09,-64.2782
78.1,-64.2589
78.11,-64.2397
78.12,-64.2204
78.13,-64.2012
78.14,-64.182
78.15,-64.1628
78.16,-64.1437
78.17,-64.1245
78.18,-64.1054
78.19,-64.0863
78.2,-64.0672
78.21,-64.0482
78.22,-64.0291
78.23,-64.0101
78.24,-63.9911
78.25,-63.9721
78.26,-63.9531
78.27,-63.9342
78.28,-63.9152
78.29,-63.8963
78.3,-63.8774
78.31,-63.8585
78.32,-63.8397
78.33,-63.8208
78.34,-63.802
78.35,-63.7832
78.36,-63.7644
78.37,-63.7457
78.38,-63.7269
78.39,-63.7082
78.4,-63.6895
78.41,-63.6708
78.42,-63.6521
78.43,-63.6335
78.44,-63.6148
78.45,-63.5962
78.46,-63.5776
78.47,-63.559
78.48,-63.5405
78.49,-63.5219
78.5,-63.5034
78.51,-63.4849
78.52,-63.4664
78.53,-63.448
78.54,-63.4295
78.55,-63.4111
78.56,-63.3927
78.57,-63.3743
78.58,-63.3559
78.59,-63.3376
78.6,-63.3192
78.61,-63.3009
78.62,-63.2826
78.63,-63.2643
78.64,-63.2461
78.65,-63.2278
78.66,-63.2096
78.67,-63.1914
78.68,-63.1732
78.69,-63.155
78.7,-63.1368
78.71,-63.1187
78.72,-63.1006
78.73,-63.0825
78.74,-63.0644
78.75,-63.0463
78.76,-63.0283
78.77,-63.0103
78.78,-62.9923
78.79,-62.9743
78.8,-62.9563
78.81,-62.9383
78.82,-62.9204
78.83,-62.9025
78.84,-62.8846
78.85,-62.8667
78.86,-62.8488
78.87,-62.831
78.88,-62.8131
78.89,-62.7953
78.9,-62.7775
78.91,-62.7598
78.92,-62.742
78.93,-62.7243
78.94,-62.7065
78.95,-62.6888
78.96,-62.6711
78.97,-62.6535
78.98,-62.6358
78.99,-62.6182
79,-62.6006
79.01,-62.583
79.02,-62.5654
79.03,-62.5478
79.04,-62.5303
79.05,-62.5127
79.06,-62.4952
79.07,-62.4777
79.08,-62.4602
79.09,-62.4428
79.1,-62.4253
79.11,-62.4079
79.12,-62.3905
79.13,-62.3731
79.14,-62.3557
79.15,-62.3384
79.16,-62.3211
79.17,-62.3037
79.18,-62.2864
79.19,-62.2691
79.2,-62.2519
79.21,-62.2346
79.22,-62.2174
79.23,-62.2002
79.24,-62.183
79.25,-62.1658
79.26,-62.1486
79.27,-62.1315
79.28,-62.1143
79.29,-62.0972
79.3,-62.0801
79.31,-62.063
79.32,-62.046
79.33,-62.0289
79.34,-62.0119
79.35,-61.9949
79.36,-61.9779
79.37,-61.9609
79.38,-61.944
79.39,-61.927
79.4,-61.9101
79.41,-61.8932
79.42,-61.8763
79.43,-61.8594
79.44,-61.8426
79.45,-61.8257
79.46,-61.8089
79.47,-61.7921
79.48,-61.7753
79.49,-61.7585
79.5,-61.7418
79.51,-61.725
79.52,-61.7083
79.53,-61.6916
79.54,-61.6749
79.55,-61.6582
79.56,-61.6416
79.57,-61.6249
79.58,-61.6083
79.59,-61.5917
79.6,-61.5751
79.61,-61.5585
79.62,-61.542
79.63,-61.5254
79.64,-61.5089
79.65,-61.4924
79.66,-61.4759
79.67,-61.4594
79.68,-61.4429
79.69,-61.4265
79.7,-61.4101
79.71,-61.3937
79.72,-61.3773
79.73,-61.3609
79.74,-61.3445
79.75,-61.3282
79.76,-61.3119
79.77,-61.2956
79.78,-61.2793
79.79,-61.263
79.8,-61.2467
79.81,-61.2305
79.82,-61.2142
79.83,-61.198
79.84,-61.1818
79.85,-61.1656
79.86,-61.1495
79.87,-61.1333
79.88,-61.1172
79.89,-61.1011
79.9,-61.085
79.91,-61.0689
79.92,-61.0528
79.93,-61.0368
79.94,-61.0207
79.95,-61.0047
79.96,-60.9887
79.97,-60.9727
79.98,-60.9567
79.99,-60.9408
80,-60.9248
80.01,-60.9339
80.02,-60.943
80.03,-60.952
80.04,-60.9611
80.05,-60.9701
80.06,-60.9792
80.07,-60.9882
80.08,-60.9972
80.09,-61.0062
80.1,-61.0152
80.11,-61.0242
80.12,-61.0332
80.13,-61.0421
80.14,-61.0511
80.15,-61.06
80.16,-61.069
80.17,-61.0779
80.18,-61.0868
80.19,-61.0957
80.2,-61.1046
80.21,-61.1135
80.22,-61.1224
80.23,-61.1313
80.24,-61.1402
80.25,-61.149
80.26,-61.1579
80.27,-61.1667
80.28,-61.1756
80.29,-61.1844
80.3,-61.1932
80.31,-61.202
80.32,-61.2108
80.33,-61.2196
80.34,-61.2284
80.35,-61.2371
80.36,-61.2459
80.37,-61.2547
80.38,-61.2634
80.39,-61.2721
80.4,-61.2809
80.41,-61.2896
80.42,-61.2983
80.43,-61.307
80.44,-61.3157
80.45,-61.3244
80.46,-61.333
80.47,-61.3417
80.48,-61.3504
80.49,-61.359
80.5,-61.3677
80.51,-61.3763
80.52,-61.3849
80.53,-61.3935
80.54,-61.4021
80.55,-61.4107
80.56,-61.4193
80.57,-61.4279
80.58,-61.4365
80.59,-61.445
80.6,-61.4536
80.61,-61.4621
80.62,-61.4707
80.63,-61.4792
80.64,-61.4877
80.65,-61.4962
80.66,-61.5048
80.67,-61.5132
80.68,-61.5217
80.69,-61.5302
80.7,-61.5387
80.71,-61.5471
80.72,-61.5556
80.73,-61.564
80.74,-61.5725
80.75,-61.5809
80.76,-61.5893
80.77,-61.5977
80.78,-61.6061
80.79,-61.6145
80.8,-61.6229
80.81,-61.6313
80.82,-61.6397
80.83,-61.648
80.84,-61.6564
80.85,-61.6647
80.86,-61.6731
80.87,-61.6814
80.88,-61.6897
80.89,-61.698
80.9,-61.7063
80.91,-61.7146
80.92,-61.7229
80.93,-61.7312
80.94,-61.7394
80.95,-61.7477
80.96,-61.7559
80.97,-61.7642
80.98,-61.7724
80.99,-61.7807
81,-61.7889
81.01,-61.7971
81.02,-61.8053
81.03,-61.8135
81.04,-61.8217
81.05,-61.8298
81.06,-61.838
81.07,-61.8462
81.08,-61.8543
81.09,-61.8625
81.1,-61.8706
81.11,-61.8787
81.12,-61.8869
81.13,-61.895
81.14,-61.9031
81.15,-61.9112
81.16,-61.9193
81.17,-61.9274
81.18,-61.9354
81.19,-61.9435
81.2,-61.9515
81.21,-61.9596
81.22,-61.9676
81.23,-61.9757
81.24,-61.9837
81.25,-61.9917
81.26,-61.9997
81.27,-62.0077
81.28,-62.0157
81.29,-62.0237
81.3,-62.0317
81.31,-62.0396
81.32,-62.0476
81.33,-62.0556
81.34,-62.0635
81.35,-62.0714
81.36,-62.0794
81.37,-62.0873
81.38,-62.0952
81.39,-62.1031
81.4,-62.111
81.41,-62.1189
81.42,-62.1268
81.43,-62.1346
81.44,-62.1425
81.45,-62.1504
81.46,-62.1582
81.47,-62.1661
81.48,-62.1739
81.49,-62.1817
81.5,-62.1895
81.51,-62.1973
81.52,-62.2051
81.53,-62.2129
81.54,-62.2207
81.55,-62.2285
81.56,-62.2363
81.57,-62.244
81.58,-62.2518
81.59,-62.2595
81.6,-62.2673
81.61,-62.275
81.62,-62.2827
81.63,-62.2905
81.64,-62.2982
81.65,-62.3059
81.66,-62.3136
81.67,-62.3213
81.68,-62.3289
81.69,-62.3366
81.7,-62.3443
81.71,-62.3519
81.72,-62.3596
81.73,-62.3672
81.74,-62.3748
81.75,-62.3825
81.76,-62.3901
81.77,-62.3977
81.78,-62.4053
81.79,-62.4129
81.8,-62.4205
81.81,-62.4281
81.82,-62.4356
81.83,-62.4432
81.84,-62.4508
81.85,-62.4583
81.86,-62.4658
81.87,-62.4734
81.88,-62.4809
81.89,-62.4884
81.9,-62.4959
81.91,-62.5034
81.92,-62.5109
81.93,-62.5184
81.94,-62.5259
81.95,-62.5334
81.96,-62.5408
81.97,-62.5483
81.98,-62.5558
81.99,-62.5632
82,-62.5706
82.01,-62.5781
82.02,-62.5855
82.03,-62.5929
82.04,-62.6003
82.05,-62.6077
82.06,-62.6151
82.07,-62.6225
82.08,-62.6299
82.09,-62.6372
82.1,-62.6446
82.11,-62.652
82.12,-62.6593
82.13,-62.6666
82.14,-62.674
82.15,-62.6813
82.16,-62.6886
82.17,-62.6959
82.18,-62.7032
82.19,-62.7105
82.2,-62.7178
82.21,-62.7251
82.22,-62.7324
82.23,-62.7396
82.24,-62.7469
82.25,-62.7542
82.26,-62.7614
82.27,-62.7686
82.28,-62.7759
82.29,-62.7831
82.3,-62.7903
82.31,-62.7975
82.32,-62.8047
82.33,-62.8119
82.34,-62.8191
82.35,-62.8263
82.36,-62.8335
82.37,-62.8406
82.38,-62.8478
82.39,-62.8549
82.4,-62.8621
82.41,-62.8692
82.42,-62.8764
82.43,-62.8835
82.44,-62.8906
82.45,-62.8977
82.46,-62.9048
82.47,-62.9119
82.48,-62.919
82.49,-62.9261
82.5,-62.9331
82.51,-62.9402
82.52,-62.9473
82.53,-62.9543
82.54,-62.9614
82.55,-62.9684
82.56,-62.9754
82.57,-62.9825
82.58,-62.9895
82.59,-62.9965
82.6,-63.0035
82.61,-63.0105
82.62,-63.0175
82.63,-63.0245
82.64,-63.0314
82.65,-63.0384
82.66,-63.0454
82.67,-63.0523
82.68,-63.0593
82.69,-63.0662
82.7,-63.0732
82.71,-63.0801
82.72,-63.087
82.73,-63.0939
82.74,-63.1008
82.75,-63.1077
82.76,-63.1146
82.77,-63.1215
82.78,-63.1284
82.79,-63.1352
82.8,-63.1421
82.81,-63.149
82.82,-63.1558
82.83,-63.1627
82.84,-63.1695
82.85,-63.1763
82.86,-63.1832
82.87,-63.19
82.88,-63.1968
82.89,-63.2036
82.9,-63.2104
82.91,-63.2172
82.92,-63.224
82.93,-63.2307
82.94,-63.2375
82.95,-63.2443
82.96,-63.251
82.97,-63.2578
82.98,-63.2645
82.99,-63.2712
83,-63.278
83.01,-63.2847
83.02,-63.2914
83.03,-63.2981
83.04,-63.3048
83.05,-63.3115
83.06,-63.3182
83.07,-63.3249
83.08,-63.3316
83.09,-63.3382
83.1,-63.3449
83.11,-63.3515
83.12,-63.3582
83.13,-63.3648
83.14,-63.3715
83.15,-63.3781
83.16,-63.3847
83.17,-63.3913
83.18,-63.3979
83.19,-63.4045
83.2,-63.4111
83.21,-63.4177
83.22,-63.4243
83.23,-63.4309
83.24,-63.4375
83.25,-63.444
83.26,-63.4506
83.27,-63.4571
83.28,-63.4637
83.29,-63.4702
83.3,-63.4767
83.31,-63.4833
83.32,-63.4898
83.33,-63.4963
83.34,-63.5028
83.35,-63.5093
83.36,-63.5158
83.37,-63.5223
83.38,-63.5287
83.39,-63.5352
83.4,-63.5417
83.41,-63.5481
83.42,-63.5546
83.43,-63.561
83.44,-63.5675
83.45,-63.5739
83.46,-63.5803
83.47,-63.5867
83.48,-63.5932
83.49,-63.5996
83.5,-63.606
83.51,-63.6124
83.52,-63.6188
83.53,-63.6251
83.54,-63.6315
83.55,-63.6379
83.56,-63.6442
83.57,-63.6506
83.58,-63.6569
83.59,-63.6633
83.6,-63.6696
83.61,-63.676
83.62,-63.6823
83.63,-63.6886
83.64,-63.6949
83.65,-63.7012
83.66,-63.7075
83.67,-63.7138
83.68,-63.7201
83.69,-63.7264
83.7,-63.7326
83.71,-63.7389
83.72,-63.7452
83.73,-63.7514
83.74,-63.7577
83.75,-63.7639
83.76,-63.7702
83.77,-63.7764
83.78,-63.7826
83.79,-63.7888
83.8,-63.795
83.81,-63.8012
83.82,-63.8074
83.83,-63.8136
83.84,-63.8198
83.85,-63.826
83.86,-63.8322
83.87,-63.8383
83.88,-63.8445
83.89,-63.8507
83.9,-63.8568
83.91,-63.8629
83.92,-63.8691
83.93,-63.8752
83.94,-63.8813
83.95,-63.8875
83.96,-63.8936
83.97,-63.8997
83.98,-63.9058
83.99,-63.9119
84,-63.918
84.01,-63.924
84.02,-63.9301
84.03,-63.9362
84.04,-63.9423
84.05,-63.9483
84.06,-63.9544
84.07,-63.9604
84.08,-63.9664
84.09,-63.9725
84.1,-63.9785
84.11,-63.9845
84.12,-63.9905
84.13,-63.9966
84.14,-64.0026
84.15,-64.0086
84.16,-64.0145
84.17,-64.0205
84.18,-64.0265
84.19,-64.0325
84.2,-64.0385
84.21,-64.0444
84.22,-64.0504
84.23,-64.0563
84.24,-64.0623
84.25,-64.0682
84.26,-64.0741
84.27,-64.0801
84.28,-64.086
84.29,-64.0919
84.3,-64.0978
84.31,-64.1037
84.32,-64.1096
84.33,-64.1155
84.34,-64.1214
84.35,-64.1273
84.36,-64.1331
84.37,-64.139
84.38,-64.1449
84.39,-64.1507
84.4,-64.1566
84.41,-64.1624
84.42,-64.1682
84.43,-64.1741
84.44,-64.1799
84.45,-64.1857
84.46,-64.1915
84.47,-64.1973
84.48,-64.2031
84.49,-64.2089
84.5,-64.2147
84.51,-64.2205
84.52,-64.2263
84.53,-64.2321
84.54,-64.2378
84.55,-64.2436
84.56,-64.2494
84.57,-64.2551
84.58,-64.2609
84.59,-64.2666
84.6,-64.2723
84.61,-64.2781
84.62,-64.2838
84.63,-64.2895
84.64,-64.2952
84.65,-64.3009
84.66,-64.3066
84.67,-64.3123
84.68,-64.318
84.69,-64.3237
84.7,-64.3293
84.71,-64.335
84.72,-64.3407
84.73,-64.3463
84.74,-64.352
84.75,-64.3576
84.76,-64.3633
84.77,-64.3689
84.78,-64.3745
84.79,-64.3802
84.8,-64.3858
84.81,-64.3914
84.82,-64.397
84.83,-64.4026
84.84,-64.4082
84.85,-64.4138
84.86,-64.4194
84.87,-64.425
84.88,-64.4306
84.89,-64.4361
84.9,-64.4417
84.91,-64.4472
84.92,-64.4528
84.93,-64.4583
84.94,-64.4639
84.95,-64.4694
84.96,-64.475
84.97,-64.4805
84.98,-64.486
84.99,-64.4915
85,-64.497
85.01,-64.5025
85.02,-64.508
85.03,-64.5135
85.04,-64.519
85.05,-64.5245
85.06,-64.53
85.07,-64.5354
85.08,-64.5409
85.09,-64.5463
85.1,-64.5518
85.11,-64.5573
85.12,-64.5627
85.13,-64.5681
85.14,-64.5736
85.15,-64.579
85.16,-64.5844
85.17,-64.5898
85.18,-64.5952
85.19,-64.6006
85.2,-64.606
85.21,-64.6114
85.22,-64.6168
85.23,-64.6222
85.24,-64.6276
85.25,-64.633
85.26,-64.6383
85.27,-64.6437
85.28,-64.649
85.29,-64.6544
85.3,-64.6597
85.31,-64.6651
85.32,-64.6704
85.33,-64.6757
85.34,-64.6811
85.35,-64.6864
85.36,-64.6917
85.37,-64.697
85.38,-64.7023
85.39,-64.7076
85.4,-64.7129
85.41,-64.7182
85.42,-64.7235
85.43,-64.7287
85.44,-64.734
85.45,-64.7393
85.46,-64.7445
85.47,-64.7498
85.48,-64.755
85.49,-64.7603
85.5,-64.7655
85.51,-64.7708
85.52,-64.776
85.53,-64.7812
85.54,-64.7864
85.55,-64.7917
85.56,-64.7969
85.57,-64.8021
85.58,-64.8073
85.59,-64.8125
85.6,-64.8176
85.61,-64.8228
85.62,-64.828
85.63,-64.8332
85.64,-64.8383
85.65,-64.8435
85.66,-64.8487
85.67,-64.8538
85.68,-64.859
85.69,-64.8641
85.7,-64.8692
85.71,-64.8744
85.72,-64.8795
85.73,-64.8846
85.74,-64.8897
85.75,-64.8948
85.76,-64.8999
85.77,-64.905
85.78,-64.9101
85.79,-64.9152
85.8,-64.9203
85.81,-64.9254
85.82,-64.9305
85.83,-64.9355
85.84,-64.9406
85.85,-64.9457
85.86,-64.9507
85.87,-64.9558
85.88,-64.9608
85.89,-64.9658
85.9,-64.9709
85.91,-64.9759
85.92,-64.9809
85.93,-64.986
85.94,-64.991
85.95,-64.996
85.96,-65.001
85.97,-65.006
85.98,-65.011
85.99,-65.016
86,-65.0209
86.01,-65.0259
86.02,-65.0309
86.03,-65.0359
86.04,-65.0408
86.05,-65.0458
86.06,-65.0507
86.07,-65.0557
86.08,-65.0606
86.09,-65.0656
86.1,-65.0705
86.11,-65.0754
86.12,-65.0804
86.13,-65.0853
86.14,-65.0902
86.15,-65.0951
86.16,-65.1
86.17,-65.1049
86.18,-65.1098
86.19,-65.1147
86.2,-65.1196
86.21,-65.1245
86.22,-65.1293
86.23,-65.1342
86.24,-65.1391
86.25,-65.1439
86.26,-65.1488
86.27,-65.1536
86.28,-65.1585
86.29,-65.1633
86.3,-65.1682
86.31,-65.173
86.32,-65.1778
86.33,-65.1827
86.34,-65.1875
86.35,-65.1923
86.36,-65.1971
86.37,-65.2019
86.38,-65.2067
86.39,-65.2115
86.4,-65.2163
86.41,-65.2211
86.42,-65.2258
86.43,-65.2306
86.44,-65.2354
86.45,-65.2401
86.46,-65.2449
86.47,-65.2497
86.48,-65.2544
86.49,-65.2592
86.5,-65.2639
86.51,-65.2686
86.52,-65.2734
86.53,-65.2781
86.54,-65.2828
86.55,-65.2875
86.56,-65.2922
86.57,-65.2969
86.58,-65.3017
86.59,-65.3064
86.6,-65.311
86.61,-65.3157
86.62,-65.3204
86.63,-65.3251
86.64,-65.3298
86.65,-65.3344
86.66,-65.3391
86.67,-65.3438
86.68,-65.3484
86.69,-65.3531
86.7,-65.3577
86.71,-65.3624
86.72,-65.367
86.73,-65.3716
86.74,-65.3763
86.75,-65.3809
86.76,-65.3855
86.77,-65.3901
86.78,-65.3947
86.79,-65.3993
86.8,-65.4039
86.81,-65.4085
86.82,-65.4131
86.83,-65.4177
86.84,-65.4223
86.85,-65.4269
86.86,-65.4314
86.87,-65.436
86.88,-65.4406
86.89,-65.4451
86.9,-65.4497
86.91,-65.4542
86.92,-65.4588
86.93,-65.4633
86.94,-65.4679
86.95,-65.4724
86.96,-65.4769
86.97,-65.4814
86.98,-65.486
86.99,-65.4905
87,-65.495
87.01,-65.4995
87.02,-65.504
87.03,-65.5085
87.04,-65.513
87.05,-65.5175
87.06,-65.522
87.07,-65.5264
87.08,-65.5309
87.09,-65.5354
87.1,-65.5398
87.11,-65.5443
87.12,-65.5488
87.13,-65.5532
87.14,-65.5577
87.15,-65.5621
87.16,-65.5665
87.17,-65.571
87.18,-65.5754
87.19,-65.5798
87.2,-65.5842
87.21,-65.5887
87.22,-65.5931
87.23,-65.5975
87.24,-65.6019
87.25,-65.6063
87.26,-65.6107
87.27,-65.6151
87.28,-65.6194
87.29,-65.6238
87.3,-65.6282
87.31,-65.6326
87.32,-65.6369
87.33,-65.6413
87.34,-65.6457
87.35,-65.65
87.36,-65.6544
87.37,-65.6587
87.38,-65.6631
87.39,-65.6674
87.4,-65.6717
87.41,-65.676
87.42,-65.6804
87.43,-65.6847
87.44,-65.689
87.45,-65.6933
87.46,-65.6976
87.47,-65.7019
87.48,-65.7062
87.49,-65.7105
87.5,-65.7148
87.51,-65.7191
87.52,-65.7234
87.53,-65.7277
87.54,-65.7319
87.55,-65.7362
87.56,-65.7405
87.57,-65.7447
87.58,-65.749
87.59,-65.7532
87.6,-65.7575
87.61,-65.7617
87.62,-65.766
87.63,-65.7702
87.64,-65.7744
87.65,-65.7786
87.66,-65.7829
87.67,-65.7871
87.68,-65.7913
87.69,-65.7955
87.7,-65.7997
87.71,-65.8039
87.72,-65.8081
87.73,-65.8123
87.74,-65.8165
87.75,-65.8207
87.76,-65.8248
87.77,-65.829
87.78,-65.8332
87.79,-65.8374
87.8,-65.8415
87.81,-65.8457
87.82,-65.8498
87.83,-65.854
87.84,-65.8581
87.85,-65.8623
87.86,-65.8664
87.87,-65.8705
87.88,-65.8747
87.89,-65.8788
87.9,-65.8829
87.91,-65.887
87.92,-65.8911
87.93,-65.8953
87.94,-65.8994
87.95,-65.9035
87.96,-65.9076
87.97,-65.9117
87.98,-65.9157
87.99,-65.9198
88,-65.9239
88.01,-65.928
88.02,-65.9321
88.03,-65.9361
88.04,-65.9402
88.05,-65.9442
88.06,-65.9483
88.07,-65.9524
88.08,-65.9564
88.09,-65.9604
88.1,-65.9645
88.11,-65.9685
88.12,-65.9725
88.13,-65.9766
88.14,-65.9806
88.15,-65.9846
88.16,-65.9886
88.17,-65.9926
88.18,-65.9967
88.19,-66.0007
88.2,-66.0047
88.21,-66.0087
88.22,-66.0126
88.23,-66.0166
88.24,-66.0206
88.25,-66.0246
88.26,-66.0286
88.27,-66.0325
88.28,-66.0365
88.29,-66.0405
88.3,-66.0444
88.31,-66.0484
88.32,-66.0523
88.33,-66.0563
88.34,-66.0602
88.35,-66.0642
88.36,-66.0681
88.37,-66.072
88.38,-66.076
88.39,-66.0799
88.4,-66.0838
88.41,-66.0877
88.42,-66.0916
88.43,-66.0955
88.44,-66.0994
88.45,-66.1033
88.46,-66.1072
88.47,-66.1111
88.48,-66.115
88.49,-66.1189
88.5,-66.1228
88.51,-66.1267
88.52,-66.1305
88.53,-66.1344
88.54,-66.1383
88.55,-66.1421
88.56,-66.146
88.57,-66.1499
88.58,-66.1537
88.59,-66.1575
88.6,-66.1614
88.61,-66.1652
88.62,-66.1691
88.63,-66.1729
88.64,-66.1767
88.65,-66.1805
88.66,-66.1844
88.67,-66.1882
88.68,-66.192
88.69,-66.1958
88.7,-66.1996
88.71,-66.2034
88.72,-66.2072
88.73,-66.211
88.74,-66.2148
88.75,-66.2186
88.76,-66.2224
88.77,-66.2261
88.78,-66.2299
88.79,-66.2337
88.8,-66.2374
88.81,-66.2412
88.82,-66.245
88.83,-66.2487
88.84,-66.2525
88.85,-66.2562
88.86,-66.26
88.87,-66.2637
88.88,-66.2674
88.89,-66.2712
88.9,-66.2749
88.91,-66.2786
88.92,-66.2823
88.93,-66.2861
88.94,-66.2898
88.95,-66.2935
88.96,-66.2972
88.97,-66.3009
88.98,-66.3046
88.99,-66.3083
89,-66.312
89.01,-66.3157
89.02,-66.3194
89.03,-66.323
89.04,-66.3267
89.05,-66.3304
89.06,-66.3341
89.07,-66.3377
89.08,-66.3414
89.09,-66.345
89.1,-66.3487
89.11,-66.3523
89.12,-66.356
89.13,-66.3596
89.14,-66.3633
89.15,-66.3669
89.16,-66.3705
89.17,-66.3742
89.18,-66.3778
89.19,-66.3814
89.2,-66.385
89.21,-66.3887
89.22,-66.3923
89.23,-66.3959
89.24,-66.3995
89.25,-66.4031
89.26,-66.4067
89.27,-66.4103
89.28,-66.4139
89.29,-66.4174
89.3,-66.421
89.31,-66.4246
89.32,-66.4282
89.33,-66.4318
89.34,-66.4353
89.35,-66.4389
89.36,-66.4425
89.37,-66.446
89.38,-66.4496
89.39,-66.4531
89.4,-66.4567
89.41,-66.4602
89.42,-66.4637
89.43,-66.4673
89.44,-66.4708
89.45,-66.4743
89.46,-66.4779
89.47,-66.4814
89.48,-66.4849
89.49,-66.4884
89.5,-66.4919
89.51,-66.4954
89.52,-66.4989
89.53,-66.5024
89.54,-66.5059
89.55,-66.5094
89.56,-66.5129
89.57,-66.5164
89.58,-66.5199
89.59,-66.5234
89.6,-66.5269
89.61,-66.5303
89.62,-66.5338
89.63,-66.5373
89.64,-66.5407
89.65,-66.5442
89.66,-66.5476
89.67,-66.5511
89.68,-66.5545
89.69,-66.558
89.7,-66.5614
89.71,-66.5649
89.72,-66.5683
89.73,-66.5717
89.74,-66.5752
89.75,-66.5786
89.76,-66.582
89.77,-66.5854
89.78,-66.5888
89.79,-66.5923
89.8,-66.5957
89.81,-66.5991
89.82,-66.6025
89.83,-66.6059
89.84,-66.6093
89.85,-66.6127
89.86,-66.616
89.87,-66.6194
89.88,-66.6228
89.89,-66.6262
89.9,-66.6296
89.91,-66.6329
89.92,-66.6363
89.93,-66.6397
89.94,-66.643
89.95,-66.6464
89.96,-66.6497
89.97,-66.6531
89.98,-66.6564
89.99,-66.6598
90,-66.6631
90.01,-66.6664
90.02,-66.6698
90.03,-66.6731
90.04,-66.6764
90.05,-66.6798
90.06,-66.6831
90.07,-66.6864
90.08,-66.6897
90.09,-66.693
90.1,-66.6963
90.11,-66.6996
90.12,-66.7029
90.13,-66.7062
90.14,-66.7095
90.15,-66.7128
90.16,-66.7161
90.17,-66.7194
90.18,-66.7227
90.19,-66.7259
90.2,-66.7292
90.21,-66.7325
90.22,-66.7358
90.23,-66.739
90.24,-66.7423
90.25,-66.7455
90.26,-66.7488
90.27,-66.752
90.28,-66.7553
90.29,-66.7585
90.3,-66.7618
90.31,-66.765
90.32,-66.7683
90.33,-66.7715
90.34,-66.7747
90.35,-66.7779
90.36,-66.7812
90.37,-66.7844
90.38,-66.7876
90.39,-66.7908
90.4,-66.794
90.41,-66.7972
90.42,-66.8004
90.43,-66.8036
90.44,-66.8068
90.45,-66.81
90.46,-66.8132
90.47,-66.8164
90.48,-66.8196
90.49,-66.8228
90.5,-66.8259
90.51,-66.8291
90.52,-66.8323
90.53,-66.8354
90.54,-66.8386
90.55,-66.8418
90.56,-66.8449
90.57,-66.8481
90.58,-66.8512
90.59,-66.8544
90.6,-66.8575
90.61,-66.8607
90.62,-66.8638
90.63,-66.8669
90.64,-66.8701
90.65,-66.8732
90.66,-66.8763
90.67,-66.8795
90.68,-66.8826
90.69,-66.8857
90.7,-66.8888
90.71,-66.8919
90.72,-66.895
90.73,-66.8981
90.74,-66.9012
90.75,-66.9043
90.76,-66.9074
90.77,-66.9105
90.78,-66.9136
90.79,-66.9167
90.8,-66.9198
90.81,-66.9229
90.82,-66.9259
90.83,-66.929
90.84,-66.9321
90.85,-66.9352
90.86,-66.9382
90.87,-66.9413
90.88,-66.9443
90.89,-66.9474
90.9,-66.9504
90.91,-66.9535
90.92,-66.9565
90.93,-66.9596
90.94,-66.9626
90.95,-66.9657
90.96,-66.9687
90.97,-66.9717
90.98,-66.9748
90.99,-66.9778
91,-66.9808
91.01,-66.9838
91.02,-66.9868
91.03,-66.9899
91.04,-66.9929
91.05,-66.9959
91.06,-66.9989
91.07,-67.0019
91.08,-67.0049
91.09,-67.0079
91.1,-67.0109
91.11,-67.0139
91.12,-67.0168
91.13,-67.0198
91.14,-67.0228
91.15,-67.0258
91.16,-67.0288
91.17,-67.0317
91.18,-67.0347
91.19,-67.0377
91.2,-67.0406
91.21,-67.0436
91.22,-67.0465
91.23,-67.0495
91.24,-67.0524
91.25,-67.0554
91.26,-67.0583
91.27,-67.0613
91.28,-67.0642
91.29,-67.0671
91.3,-67.0701
91.31,-67.073
91.32,-67.0759
91.33,-67.0789
91.34,-67.0818
91.35,-67.0847
91.36,-67.0876
91.37,-67.0905
91.38,-67.0934
91.39,-67.0963
91.4,-67.0992
91.41,-67.1021
91.42,-67.105
91.43,-67.1079
91.44,-67.1108
91.45,-67.1137
91.46,-67.1166
91.47,-67.1195
91.48,-67.1224
91.49,-67.1253
91.5,-67.1281
91.51,-67.131
91.52,-67.1339
91.53,-67.1367
91.54,-67.1396
91.55,-67.1425
91.56,-67.1453
91.57,-67.1482
91.58,-67.151
91.59,-67.1539
91.6,-67.1567
91.61,-67.1596
91.62,-67.1624
91.63,-67.1652
91.64,-67.1681
91.65,-67.1709
91.66,-67.1737
91.67,-67.1766
91.68,-67.1794
91.69,-67.1822
91.7,-67.185
91.71,-67.1878
91.72,-67.1906
91.73,-67.1935
91.74,-67.1963
91.75,-67.1991
91.76,-67.2019
91.77,-67.2047
91.78,-67.2075
91.79,-67.2103
91.8,-67.213
91.81,-67.2158
91.82,-67.2186
91.83,-67.2214
91.84,-67.2242
91.85,-67.227
91.86,-67.2297
91.87,-67.2325
91.88,-67.2353
91.89,-67.238
91.9,-67.2408
91.91,-67.2435
91.92,-67.2463
91.93,-67.2491
91.94,-67.2518
91.95,-67.2546
91.96,-67.2573
91.97,-67.26
91.98,-67.2628
91.99,-67.2655
92,-67.2683
92.01,-67.271
92.02,-67.2737
92.03,-67.2764
92.04,-67.2792
92.05,-67.2819
92.06,-67.2846
92.07,-67.2873
92.08,-67.29
92.09,-67.2927
92.1,-67.2955
92.11,-67.2982
92.12,-67.3009
92.13,-67.3036
92.14,-67.3063
92.15,-67.3089
92.16,-67.3116
92.17,-67.3143
92.18,-67.317
92.19,-67.3197
92.2,-67.3224
92.21,-67.3251
92.22,-67.3277
92.23,-67.3304
92.24,-67.3331
92.25,-67.3357
92.26,-67.3384
92.27,-67.3411
92.28,-67.3437
92.29,-67.3464
92.3,-67.349
92.31,-67.3517
92.32,-67.3543
92.33,-67.357
92.34,-67.3596
92.35,-67.3623
92.36,-67.3649
92.37,-67.3675
92.38,-67.3702
92.39,-67.3728
92.4,-67.3754
92.41,-67.378
92.42,-67.3807
92.43,-67.3833
92.44,-67.3859
92.45,-67.3885
92.46,-67.3911
92.47,-67.3937
92.48,-67.3963
92.49,-67.399
92.5,-67.4016
92.51,-67.4041
92.52,-67.4067
92.53,-67.4093
92.54,-67.4119
92.55,-67.4145
92.56,-67.4171
92.57,-67.4197
92.58,-67.4223
92.59,-67.4248
92.6,-67.4274
92.61,-67.43
92.62,-67.4326
92.63,-67.4351
92.64,-67.4377
92.65,-67.4403
92.66,-67.4428
92.67,-67.4454
92.68,-67.4479
92.69,-67.4505
92.7,-67.453
92.71,-67.4556
92.72,-67.4581
92.73,-67.4607
92.74,-67.4632
92.75,-67.4657
92.76,-67.4683
92.77,-67.4708
92.78,-67.4733
92.79,-67.4759
92.8,-67.4784
92.81,-67.4809
92.82,-67.4834
92.83,-67.4859
92.84,-67.4885
92.85,-67.491
92.86,-67.4935
92.87,-67.496
92.88,-67.4985
92.89,-67.501
92.9,-67.5035
92.91,-67.506
92.92,-67.5085
92.93,-67.511
92.94,-67.5135
92.95,-67.5159
92.96,-67.5184
92.97,-67.5209
92.98,-67.5234
92.99,-67.5259
93,-67.5283
93.01,-67.5308
93.02,-67.5333
93.03,-67.5357
93.04,-67.5382
93.05,-67.5407
93.06,-67.5431
93.07,-67.5456
93.08,-67.548
93.09,-67.5505
93.1,-67.5529
93.11,-67.5554
93.12,-67.5578
93.13,-67.5603
93.14,-67.5627
93.15,-67.5652
93.16,-67.5676
93.17,-67.57
93.18,-67.5725
93.19,-67.5749
93.2,-67.5773
93.21,-67.5797
93.22,-67.5822
93.23,-67.5846
93.24,-67.587
93.25,-67.5894
93.26,-67.5918
93.27,-67.5942
93.28,-67.5966
93.29,-67.599
93.3,-67.6014
93.31,-67.6038
93.32,-67.6062
93.33,-67.6086
93.34,-67.611
93.35,-67.6134
93.36,-67.6158
93.37,-67.6182
93.38,-67.6205
93.39,-67.6229
93.4,-67.6253
93.41,-67.6277
93.42,-67.6301
93.43,-67.6324
93.44,-67.6348
93.45,-67.6372
93.46,-67.6395
93.47,-67.6419
93.48,-67.6442
93.49,-67.6466
93.5,-67.6489
93.51,-67.6513
93.52,-67.6536
93.53,-67.656
93.54,-67.6583
93.55,-67.6607
93.56,-67.663
93.57,-67.6654
93.58,-67.6677
93.59,-67.67
93.6,-67.6723
93.61,-67.6747
93.62,-67.677
93.63,-67.6793
93.64,-67.6816
93.65,-67.684
93.66,-67.6863
93.67,-67.6886
93.68,-67.6909
93.69,-67.6932
93.7,-67.6955
93.71,-67.6978
93.72,-67.7001
93.73,-67.7024
93.74,-67.7047
93.75,-67.707
93.76,-67.7093
93.77,-67.7116
93.78,-67.7139
93.79,-67.7162
93.8,-67.7185
93.81,-67.7207
93.82,-67.723
93.83,-67.7253
93.84,-67.7276
93.85,-67.7298
93.86,-67.7321
93.87,-67.7344
93.88,-67.7367
93.89,-67.7389
93.9,-67.7412
93.91,-67.7434
93.92,-67.7457
93.93,-67.7479
93.94,-67.7502
93.95,-67.7524
93.96,-67.7547
93.97,-67.7569
93.98,-67.7592
93.99,-67.7614
94,-67.7637
94.01,-67.7659
94.02,-67.7681
94.03,-67.7704
94.04,-67.7726
94.05,-67.7748
94.06,-67.777
94.07,-67.7793
94.08,-67.7815
94.09,-67.7837
94.1,-67.7859
94.11,-67.7881
94.12,-67.7904
94.13,-67.7926
94.14,-67.7948
94.15,-67.797
94.16,-67.7992
94.17,-67.8014
94.18,-67.8036
94.19,-67.8058
94.2,-67.808
94.21,-67.8102
94.22,-67.8123
94.23,-67.8145
94.24,-67.8167
94.25,-67.8189
94.26,-67.8211
94.27,-67.8233
94.28,-67.8254
94.29,-67.8276
94.3,-67.8298
94.31,-67.832
94.32,-67.8341
94.33,-67.8363
94.34,-67.8385
94.35,-67.8406
94.36,-67.8428
94.37,-67.8449
94.38,-67.8471
94.39,-67.8492
94.4,-67.8514
94.41,-67.8535
94.42,-67.8557
94.43,-67.8578
94.44,-67.86
94.45,-67.8621
94.46,-67.8643
94.47,-67.8664
94.48,-67.8685
94.49,-67.8707
94.5,-67.8728
94.51,-67.8749
94.52,-67.877
94.53,-67.8792
94.54,-67.8813
94.55,-67.8834
94.56,-67.8855
94.57,-67.8876
94.58,-67.8897
94.59,-67.8919
94.6,-67.894
94.61,-67.8961
94.62,-67.8982
94.63,-67.9003
94.64,-67.9024
94.65,-67.9045
94.66,-67.9066
94.67,-67.9087
94.68,-67.9107
94.69,-67.9128
94.7,-67.9149
94.71,-67.917
94.72,-67.9191
94.73,-67.9212
94.74,-67.9233
94.75,-67.9253
94.76,-67.9274
94.77,-67.9295
94.78,-67.9315
94.79,-67.9336
94.8,-67.9357
94.81,-67.9377
94.82,-67.9398
94.83,-67.9419
94.84,-67.9439
94.85,-67.946
94.86,-67.948
94.87,-67.9501
94.88,-67.9521
94.89,-67.9542
94.9,-67.9562
94.91,-67.9583
94.92,-67.9603
94.93,-67.9624
94.94,-67.9644
94.95,-67.9664
94.96,-67.9685
94.97,-67.9705
94.98,-67.9725
94.99,-67.9746
95,-67.9766
95.01,-67.9786
95.02,-67.9806
95.03,-67.9826
95.04,-67.9847
95.05,-67.9867
95.06,-67.9887
95.07,-67.9907
95.08,-67.9927
95.09,-67.9947
95.1,-67.9967
95.11,-67.9987
95.12,-68.0007
95.13,-68.0027
95.14,-68.0047
95.15,-68.0067
95.16,-68.0087
95.17,-68.0107
95.18,-68.0127
95.19,-68.0147
95.2,-68.0167
95.21,-68.0186
95.22,-68.0206
95.23,-68.0226
95.24,-68.0246
95.25,-68.0266
95.26,-68.0285
95.27,-68.0305
95.28,-68.0325
95.29,-68.0344
95.3,-68.0364
95.31,-68.0384
95.32,-68.0403
95.33,-68.0423
95.34,-68.0443
95.35,-68.0462
95.36,-68.0482
95.37,-68.0501
95.38,-68.0521
95.39,-68.054
95.4,-68.056
95.41,-68.0579
95.42,-68.0598
95.43,-68.0618
95.44,-68.0637
95.45,-68.0657
95.46,-68.0676
95.47,-68.0695
95.48,-68.0715
95.49,-68.0734
95.5,-68.0753
95.51,-68.0772
95.52,-68.0792
95.53,-68.0811
95.54,-68.083
95.55,-68.0849
95.56,-68.0868
95.57,-68.0887
95.58,-68.0907
95.59,-68.0926
95.6,-68.0945
95.61,-68.0964
95.62,-68.0983
95.63,-68.1002
95.64,-68.1021
95.65,-68.104
95.66,-68.1059
95.67,-68.1078
95.68,-68.1097
95.69,-68.1116
95.7,-68.1134
95.71,-68.1153
95.72,-68.1172
95.73,-68.1191
95.74,-68.121
95.75,-68.1229
95.76,-68.1247
95.77,-68.1266
95.78,-68.1285
95.79,-68.1304
95.8,-68.1322
95.81,-68.1341
95.82,-68.136
95.83,-68.1378
95.84,-68.1397
95.85,-68.1415
95.86,-68.1434
95.87,-68.1453
95.88,-68.1471
95.89,-68.149
95.9,-68.1508
95.91,-68.1527
95.92,-68.1545
95.93,-68.1564
95.94,-68.1582
95.95,-68.16
95.96,-68.1619
95.97,-68.1637
95.98,-68.1656
95.99,-68.1674
96,-68.1692
96.01,-68.1711
96.02,-68.1729
96.03,-68.1747
96.04,-68.1765
96.05,-68.1784
96.06,-68.1802
96.07,-68.182
96.08,-68.1838
96.09,-68.1856
96.1,-68.1875
96.11,-68.1893
96.12,-68.1911
96.13,-68.1929
96.14,-68.1947
96.15,-68.1965
96.16,-68.1983
96.17,-68.2001
96.18,-68.2019
96.19,-68.2037
96.2,-68.2055
96.21,-68.2073
96.22,-68.2091
96.23,-68.2109
96.24,-68.2127
96.25,-68.2144
96.26,-68.2162
96.27,-68.218
96.28,-68.2198
96.29,-68.2216
96.3,-68.2234
96.31,-68.2251
96.32,-68.2269
96.33,-68.2287
96.34,-68.2305
96.35,-68.2322
96.36,-68.234
96.37,-68.2358
96.38,-68.2375
96.39,-68.2393
96.4,-68.241
96.41,-68.2428
96.42,-68.2446
96.43,-68.2463
96.44,-68.2481
96.45,-68.2498
96.46,-68.2516
96.47,-68.2533
96.48,-68.2551
96.49,-68.2568
96.5,-68.2586
96.51,-68.2603
96.52,-68.262
96.53,-68.2638
96.54,-68.2655
96.55,-68.2672
96.56,-68.269
96.57,-68.2707
96.58,-68.2724
96.59,-68.2742
96.6,-68.2759
96.61,-68.2776
96.62,-68.2793
96.63,-68.2811
96.64,-68.2828
96.65,-68.2845
96.66,-68.2862
96.67,-68.2879
96.68,-68.2896
96.69,-68.2913
96.7,-68.2931
96.71,-68.2948
96.72,-68.2965
96.73,-68.2982
96.74,-68.2999
96.75,-68.3016
96.76,-68.3033
96.77,-68.305
96.78,-68.3067
96.79,-68.3084
96.8,-68.31
96.81,-68.3117
96.82,-68.3134
96.83,-68.3151
96.84,-68.3168
96.85,-68.3185
96.86,-68.3202
96.87,-68.3218
96.88,-68.3235
96.89,-68.3252
96.9,-68.3269
96.91,-68.3285
96.92,-68.3302
96.93,-68.3319
96.94,-68.3336
96.95,-68.3352
96.96,-68.3369
96.97,-68.3385
96.98,-68.3402
96.99,-68.3419
97,-68.3435
97.01,-68.3452
97.02,-68.3468
97.03,-68.3485
97.04,-68.3501
97.05,-68.3518
97.06,-68.3534
97.07,-68.3551
97.08,-68.3567
97.09,-68.3584
97.1,-68.36
97.11,-68.3617
97.12,-68.3633
97.13,-68.3649
97.14,-68.3666
97.15,-68.3682
97.16,-68.3698
97.17,-68.3715
97.18,-68.3731
97.19,-68.3747
97.2,-68.3763
97.21,-68.378
97.22,-68.3796
97.23,-68.3812
97.24,-68.3828
97.25,-68.3844
97.26,-68.3861
97.27,-68.3877
97.28,-68.3893
97.29,-68.3909
97.3,-68.3925
97.31,-68.3941
97.32,-68.3957
97.33,-68.3973
97.34,-68.3989
97.35,-68.4005
97.36,-68.4021
97.37,-68.4037
97.38,-68.4053
97.39,-68.4069
97.4,-68.4085
97.41,-68.4101
97.42,-68.4117
97.43,-68.4133
97.44,-68.4149
97.45,-68.4165
97.46,-68.418
97.47,-68.4196
97.48,-68.4212
97.49,-68.4228
97.5,-68.4244
97.51,-68.4259
97.52,-68.4275
97.53,-68.4291
97.54,-68.4306
97.55,-68.4322
97.56,-68.4338
97.57,-68.4354
97.58,-68.4369
97.59,-68.4385
97.6,-68.44
97.61,-68.4416
97.62,-68.4432
97.63,-68.4447
97.64,-68.4463
97.65,-68.4478
97.66,-68.4494
97.67,-68.4509
97.68,-68.4525
97.69,-68.454
97.7,-68.4556
97.71,-68.4571
97.72,-68.4587
97.73,-68.4602
97.74,-68.4617
97.75,-68.4633
97.76,-68.4648
97.77,-68.4663
97.78,-68.4679
97.79,-68.4694
97.8,-68.4709
97.81,-68.4725
97.82,-68.474
97.83,-68.4755
97.84,-68.4771
97.85,-68.4786
97.86,-68.4801
97.87,-68.4816
97.88,-68.4831
97.89,-68.4847
97.9,-68.4862
97.91,-68.4877
97.92,-68.4892
97.93,-68.4907
97.94,-68.4922
97.95,-68.4937
97.96,-68.4952
97.97,-68.4967
97.98,-68.4982
97.99,-68.4997
98,-68.5012
98.01,-68.5027
98.02,-68.5042
98.03,-68.5057
98.04,-68.5072
98.05,-68.5087
98.06,-68.5102
98.07,-68.5117
98.08,-68.5132
98.09,-68.5147
98.1,-68.5162
98.11,-68.5176
98.12,-68.5191
98.13,-68.5206
98.14,-68.5221
98.15,-68.5236
98.16,-68.525
98.17,-68.5265
98.18,-68.528
98.19,-68.5295
98.2,-68.5309
98.21,-68.5324
98.22,-68.5339
98.23,-68.5353
98.24,-68.5368
98.25,-68.5383
98.26,-68.5397
98.27,-68.5412
98.28,-68.5426
98.29,-68.5441
98.3,-68.5456
98.31,-68.547
98.32,-68.5485
98.33,-68.5499
98.34,-68.5514
98.35,-68.5528
98.36,-68.5543
98.37,-68.5557
98.38,-68.5571
98.39,-68.5586
98.4,-68.56
98.41,-68.5615
98.42,-68.5629
98.43,-68.5643
98.44,-68.5658
98.45,-68.5672
98.46,-68.5687
98.47,-68.5701
98.48,-68.5715
98.49,-68.5729
98.5,-68.5744
98.51,-68.5758
98.52,-68.5772
98.53,-68.5786
98.54,-68.5801
98.55,-68.5815
98.56,-68.5829
98.57,-68.5843
98.58,-68.5857
98.59,-68.5871
98.6,-68.5886
98.61,-68.59
98.62,-68.5914
98.63,-68.5928
98.64,-68.5942
98.65,-68.5956
98.66,-68.597
98.67,-68.5984
98.68,-68.5998
98.69,-68.6012
98.7,-68.6026
98.71,-68.604
98.72,-68.6054
98.73,-68.6068
98.74,-68.6082
98.75,-68.6096
98.76,-68.611
98.77,-68.6124
98.78,-68.6138
98.79,-68.6151
98.8,-68.6165
98.81,-68.6179
98.82,-68.6193
98.83,-68.6207
98.84,-68.622
98.85,-68.6234
98.86,-68.6248
98.87,-68.6262
98.88,-68.6276
98.89,-68.6289
98.9,-68.6303
98.91,-68.6317
98.92,-68.633
98.93,-68.6344
98.94,-68.6358
98.95,-68.6371
98.96,-68.6385
98.97,-68.6399
98.98,-68.6412
98.99,-68.6426
99,-68.6439
99.01,-68.6453
99.02,-68.6466
99.03,-68.648
99.04,-68.6493
99.05,-68.6507
99.06,-68.652
99.07,-68.6534
99.08,-68.6547
99.09,-68.6561
99.1,-68.6574
99.11,-68.6588
99.12,-68.6601
99.13,-68.6615
99.14,-68.6628
99.15,-68.6641
99.16,-68.6655
99.17,-68.6668
99.18,-68.6681
99.19,-68.6695
99.2,-68.6708
99.21,-68.6721
99.22,-68.6735
99.23,-68.6748
99.24,-68.6761
99.25,-68.6774
99.26,-68.6788
99.27,-68.6801
99.28,-68.6814
99.29,-68.6827
99.3,-68.684
99.31,-68.6853
99.32,-68.6867
99.33,-68.688
99.34,-68.6893
99.35,-68.6906
99.36,-68.6919
99.37,-68.6932
99.38,-68.6945
99.39,-68.6958
99.4,-68.6971
99.41,-68.6984
99.42,-68.6997
99.43,-68.701
99.44,-68.7023
99.45,-68.7036
99.46,-68.7049
99.47,-68.7062
99.48,-68.7075
99.49,-68.7088
99.5,-68.7101
99.51,-68.7114
99.52,-68.7127
99.53,-68.714
99.54,-68.7153
99.55,-68.7165
99.56,-68.7178
99.57,-68.7191
99.58,-68.7204
99.59,-68.7217
99.6,-68.7229
99.61,-68.7242
99.62,-68.7255
99.63,-68.7268
99.64,-68.728
99.65,-68.7293
99.66,-68.7306
99.67,-68.7319
99.68,-68.7331
99.69,-68.7344
99.7,-68.7357
99.71,-68.7369
99.72,-68.7382
99.73,-68.7394
99.74,-68.7407
99.75,-68.742
99.76,-68.7432
99.77,-68.7445
99.78,-68.7457
99.79,-68.747
99.8,-68.7482
99.81,-68.7495
99.82,-68.7507
99.83,-68.752
99.84,-68.7532
99.85,-68.7545
99.86,-68.7557
99.87,-68.757
99.88,-68.7582
99.89,-68.7595
99.9,-68.7607
99.91,-68.7619
99.92,-68.7632
99.93,-68.7644
99.94,-68.7657
99.95,-68.7669
99.96,-68.7681
99.97,-68.7694
99.98,-68.7706
99.99,-68.7718
